site,age_smoothed_ka,sea_level_smoothed_m,
Vema 1930,980,-33.0,
Vema 1930,1000,-32.2,
Vema 1930,1020,-31.5,
Vema 1930,1040,-30.8,
Vema 1930,1060,-30.1,
Vema 1930,1080,-29.4,
Vema 1930,1100,-28.7,
Vema 1930,1120,-28.0,
Vema 1930,1140,-27.3,
Vema 1930,1160,-26.6,
Vema 1930,1180,-25.9,
Vema 1930,1200,-25.3,
Vema 1930,1220,-24.8,
Vema 1930,1240,-24.4,
Vema 1930,1260,-24.1,
Vema 1930,1280,-23.8,
Vema 1930,1300,-23.6,
Vema 1930,1320,-23.3,
Vema 1930,1340,-23.1,
Vema 1930,1360,-22.9,
Vema 1930,1380,-22.7,
Vema 1930,1400,-22.6,
Vema 1930,1420,-22.5,
Vema 1930,1440,-22.5,
Vema 1930,1460,-22.7,
Vema 1930,1480,-22.9,
Vema 1930,1500,-23.2,
Vema 1930,1520,-23.5,
Vema 1930,1540,-23.8,
Vema 1930,1560,-24.0,
Vema 1930,1580,-24.2,
Vema 1930,1600,-24.2,
Vema 1930,1620,-24.2,
Vema 1930,1640,-24.1,
Vema 1930,1660,-24.0,
Vema 1930,1680,-23.8,
Vema 1930,1700,-23.6,
Vema 1930,1720,-23.4,
Vema 1930,1740,-23.2,
Vema 1930,1760,-22.9,
Vema 1930,1780,-22.7,
Vema 1930,1800,-22.5,
Vema 1930,1820,-22.3,
Vema 1930,1840,-22.0,
Vema 1930,1860,-21.7,
Vema 1930,1880,-21.4,
Vema 1930,1900,-21.2,
Vema 1930,1920,-21.0,
Vema 1930,1940,-21.0,
Vema 1930,1960,-21.1,
Vema 1930,1980,-21.3,
Vema 1930,2000,-21.7,
Vema 1930,2020,-22.2,
Vema 1930,2040,-22.7,
Vema 1930,2060,-23.3,
Vema 1930,2080,-23.7,
Vema 1930,2100,-24.0,
Vema 1930,2120,-24.2,
Vema 1930,2140,-24.1,
Vema 1930,2160,-23.8,
Vema 1930,2180,-23.4,
Vema 1930,2200,-22.8,
Vema 1930,2220,-22.0,
Vema 1930,2240,-21.3,
Vema 1930,2260,-20.5,
Vema 1930,2280,-19.9,
Vema 1930,2300,-19.3,
Vema 1930,2320,-18.9,
Vema 1930,2340,-18.6,
Vema 1930,2360,-18.6,
Vema 1930,2380,-18.7,
Vema 1930,2400,-19.0,
Vema 1930,2420,-19.4,
Vema 1930,2440,-19.8,
Vema 1930,2460,-20.2,
Vema 1930,2480,-20.4,
Vema 1930,2500,-20.5,
Vema 1930,2520,-20.3,
Vema 1930,2540,-20.0,
Vema 1930,2560,-19.4,
Vema 1930,2580,-18.6,
Vema 1930,2600,-17.7,
Vema 1930,2620,-16.7,
Vema 1930,2640,-15.7,
Vema 1930,2660,-14.6,
Vema 1930,2680,-13.6,
Vema 1930,2700,-12.7,
Vema 1930,2720,-11.9,
Vema 1930,2740,-11.3,
Vema 1930,2760,-10.8,
Vema 1930,2780,-10.4,
Vema 1930,2800,-10.2,
Vema 1930,2820,-9.9,
Vema 1930,2840,-9.7,
Vema 1930,2860,-9.3,
Vema 1930,2880,-8.9,
Vema 1930,2900,-8.3,
Vema 1930,2920,-7.6,
Vema 1930,2940,-6.9,
Vema 1930,2960,-6.1,
Vema 1930,2980,-5.4,
Vema 1930,3000,-4.8,
Vema 1930,3020,-4.3,
Vema 1930,3040,-4.1,
Vema 1930,3060,-4.0,
Vema 1930,3080,-4.1,
Vema 1930,3100,-4.3,
Vema 1930,3120,-4.6,
Vema 1930,3140,-4.9,
Vema 1930,3160,-5.1,
Vema 1930,3180,-5.4,
Vema 1930,3200,-5.6,
Vema 1930,3220,-5.7,
Vema 1930,3240,-5.8,
Vema 1930,3260,-5.7,
Vema 1930,3280,-5.5,
Vema 1930,3300,-5.2,
Vema 1930,3320,-4.6,
Vema 1930,3340,-3.8,
Vema 1930,3360,-2.7,
Vema 1930,3380,-1.4,
Vema 1930,3400,0.1,
Vema 1930,3420,1.6,
Vema 1930,3440,3.1,
Vema 1930,3460,4.5,
Vema 1930,3480,5.7,
Vema 1930,3500,6.8,
Vema 1930,3520,7.7,
Vema 1930,3540,8.4,
Vema 1930,3560,9.0,
Vema 1930,3580,9.5,
Vema 1930,3600,10.0,
Vema 1930,3620,10.5,
Vema 1930,3640,11.1,
Vema 1930,3660,11.6,
Vema 1930,3680,12.2,
Vema 1930,3700,12.7,
Vema 1930,3720,13.2,
Vema 1930,3740,13.7,
Vema 1930,3760,13.9,
Vema 1930,3780,14.1,
Vema 1930,3800,14.0,
Vema 1930,3820,13.8,
Vema 1930,3840,13.3,
Vema 1930,3860,12.6,
Vema 1930,3880,11.6,
Vema 1930,3900,10.6,
Vema 1930,3920,9.4,
Vema 1930,3940,8.2,
Vema 1930,3960,7.1,
Vema 1930,3980,6.1,
Vema 1930,4000,5.4,
Vema 1930,4020,4.9,
Vema 1930,4040,4.8,
Vema 1930,4060,4.9,
Vema 1930,4080,5.2,
Vema 1930,4100,5.6,
Vema 1930,4120,6.2,
Vema 1930,4140,6.8,
Vema 1930,4160,7.3,
Vema 1930,4180,7.8,
Vema 1930,4200,8.2,
Vema 1930,4220,8.5,
Vema 1930,4240,8.6,
Vema 1930,4260,8.6,
Vema 1930,4280,8.5,
Vema 1930,4300,8.2,
Vema 1930,4320,7.7,
Vema 1930,4340,7.1,
Vema 1930,4360,6.5,
Vema 1930,4380,5.7,
Vema 1930,4400,5.0,
Vema 1930,4420,4.2,
Vema 1930,4440,3.5,
Vema 1930,4460,2.8,
Vema 1930,4480,2.1,
Vema 1930,4500,1.5,
Vema 1930,4520,0.9,
Vema 1930,4540,0.2,
Vema 1930,4560,-0.4,
Vema 1930,4580,-1.1,
Vema 1930,4600,-1.8,
Vema 1930,4620,-2.5,
Vema 1930,4640,-3.1,
Vema 1930,4660,-3.8,
Vema 1930,4680,-4.4,
Vema 1930,4700,-5.0,
Vema 1930,4720,-5.5,
Vema 1930,4740,-6.0,
Vema 1930,4760,-6.5,
Vema 1930,4780,-7.0,
Vema 1930,4800,-7.4,
Vema 1930,4820,-7.6,
Vema 1930,4840,-7.8,
Vema 1930,4860,-7.9,
Vema 1930,4880,-7.8,
Vema 1930,4900,-7.6,
Vema 1930,4920,-7.2,
Vema 1930,4940,-6.7,
Vema 1930,4960,-6.2,
Vema 1930,4980,-5.6,
Vema 1930,5000,-4.9,
Vema 1930,5020,-4.3,
Vema 1930,5040,-3.8,
Vema 1930,5060,-3.3,
Vema 1930,5080,-2.9,
Vema 1930,5100,-2.6,
Vema 1930,5120,-2.5,
Vema 1930,5140,-2.4,
Vema 1930,5160,-2.5,
Vema 1930,5180,-2.6,
Vema 1930,5200,-2.9,
Vema 1930,5220,-3.2,
Vema 1930,5240,-3.7,
Vema 1930,5260,-4.1,
Vema 1930,5280,-4.6,
Vema 1930,5300,-5.1,
Vema 1930,5320,-5.6,
Vema 1930,5340,-6.1,
Vema 1930,5360,-6.4,
Vema 1930,5380,-6.7,
Vema 1930,5400,-6.9,
Vema 1930,5420,-7.1,
Vema 1930,5440,-7.1,
Vema 1930,5460,-7.2,
Vema 1930,5480,-7.1,
Vema 1930,5500,-7.0,
Vema 1930,5520,-6.9,
Vema 1930,5540,-6.7,
Vema 1930,5560,-6.4,
Vema 1930,5580,-6.2,
Vema 1930,5600,-5.8,
Vema 1930,5620,-5.5,
Vema 1930,5640,-5.2,
Vema 1930,5660,-4.8,
Vema 1930,5680,-4.4,
Vema 1930,5700,-4.1,
Vema 1930,5720,-3.8,
Vema 1930,5740,-3.6,
Vema 1930,5760,-3.4,
Vema 1930,5780,-3.2,
Vema 1930,5800,-3.2,
846 Liseicki,5820,-3.2,
846 Liseicki,5840,-3.3,
846 Liseicki,5860,-3.5,
846 Liseicki,5880,-3.8,
846 Liseicki,5900,-4.1,
846 Liseicki,5920,-4.5,
846 Liseicki,5940,-4.8,
846 Liseicki,5960,-5.2,
846 Liseicki,5980,-5.6,
846 Liseicki,6000,-6.0,
846 Liseicki,6020,-6.4,
846 Liseicki,6040,-6.8,
846 Liseicki,6060,-7.1,
846 Liseicki,6080,-7.5,
846 Liseicki,6100,-7.8,
846 Liseicki,6120,-8.1,
846 Liseicki,6140,-8.3,
846 Liseicki,6160,-8.5,
846 Liseicki,6180,-8.7,
846 Liseicki,6200,-8.8,
846 Liseicki,6220,-8.8,
846 Liseicki,6240,-8.9,
846 Liseicki,6260,-8.9,
846 Liseicki,6280,-8.9,
846 Liseicki,6300,-9.0,
846 Liseicki,6320,-9.1,
846 Liseicki,6340,-9.3,
846 Liseicki,6360,-9.4,
846 Liseicki,6380,-9.6,
846 Liseicki,6400,-9.8,
846 Liseicki,6420,-10.0,
846 Liseicki,6440,-10.1,
846 Liseicki,6460,-10.2,
846 Liseicki,6480,-10.2,
846 Liseicki,6500,-10.2,
846 Liseicki,6520,-10.1,
846 Liseicki,6540,-9.9,
846 Liseicki,6560,-9.7,
846 Liseicki,6580,-9.4,
846 Liseicki,6600,-9.0,
846 Liseicki,6620,-8.7,
846 Liseicki,6640,-8.4,
846 Liseicki,6660,-8.1,
846 Liseicki,6680,-7.9,
846 Liseicki,6700,-7.7,
846 Liseicki,6720,-7.6,
846 Liseicki,6740,-7.6,
846 Liseicki,6760,-7.6,
846 Liseicki,6780,-7.6,
846 Liseicki,6800,-7.6,
846 Liseicki,6820,-7.5,
846 Liseicki,6840,-7.5,
846 Liseicki,6860,-7.3,
846 Liseicki,6880,-7.2,
846 Liseicki,6900,-7.0,
846 Liseicki,6920,-6.9,
846 Liseicki,6940,-6.7,
846 Liseicki,6960,-6.6,
846 Liseicki,6980,-6.5,
846 Liseicki,7000,-6.5,
846 Liseicki,7020,-6.6,
846 Liseicki,7040,-6.7,
846 Liseicki,7060,-6.8,
846 Liseicki,7080,-6.9,
846 Liseicki,7100,-7.0,
846 Liseicki,7120,-7.0,
846 Liseicki,7140,-7.0,
846 Liseicki,7160,-6.8,
846 Liseicki,7180,-6.5,
846 Liseicki,7200,-6.1,
846 Liseicki,7220,-5.7,
846 Liseicki,7240,-5.1,
846 Liseicki,7260,-4.6,
846 Liseicki,7280,-4.0,
846 Liseicki,7300,-3.5,
846 Liseicki,7320,-3.0,
846 Liseicki,7340,-2.6,
846 Liseicki,7360,-2.3,
846 Liseicki,7380,-2.2,
846 Liseicki,7400,-2.2,
846 Liseicki,7420,-2.5,
846 Liseicki,7440,-2.9,
846 Liseicki,7460,-3.4,
846 Liseicki,7480,-4.1,
846 Liseicki,7500,-4.9,
846 Liseicki,7520,-5.8,
846 Liseicki,7540,-6.7,
846 Liseicki,7560,-7.7,
846 Liseicki,7580,-8.7,
846 Liseicki,7600,-9.6,
846 Liseicki,7620,-10.5,
846 Liseicki,7640,-11.3,
846 Liseicki,7660,-12.0,
846 Liseicki,7680,-12.7,
846 Liseicki,7700,-13.2,
846 Liseicki,7720,-13.7,
846 Liseicki,7740,-14.2,
846 Liseicki,7760,-14.7,
846 Liseicki,7780,-15.2,
846 Liseicki,7800,-15.8,
846 Liseicki,7820,-16.4,
846 Liseicki,7840,-17.0,
846 Liseicki,7860,-17.6,
846 Liseicki,7880,-18.2,
846 Liseicki,7900,-18.7,
846 Liseicki,7920,-19.0,
846 Liseicki,7940,-19.2,
846 Liseicki,7960,-19.3,
846 Liseicki,7980,-19.2,
846 Liseicki,8000,-18.9,
846 Liseicki,8020,-18.6,
846 Liseicki,8040,-18.3,
846 Liseicki,8060,-18.1,
846 Liseicki,8080,-17.9,
846 Liseicki,8100,-18.0,
846 Liseicki,8120,-18.3,
846 Liseicki,8140,-18.8,
846 Liseicki,8160,-19.5,
846 Liseicki,8180,-20.3,
846 Liseicki,8200,-21.2,
846 Liseicki,8220,-22.1,
846 Liseicki,8240,-22.9,
846 Liseicki,8260,-23.7,
846 Liseicki,8280,-24.3,
846 Liseicki,8300,-24.7,
846 Liseicki,8320,-24.9,
846 Liseicki,8340,-24.9,
846 Liseicki,8360,-24.8,
846 Liseicki,8380,-24.5,
846 Liseicki,8400,-24.1,
846 Liseicki,8420,-23.6,
846 Liseicki,8440,-23.2,
846 Liseicki,8460,-22.8,
846 Liseicki,8480,-22.5,
846 Liseicki,8500,-22.3,
846 Liseicki,8520,-22.2,
846 Liseicki,8540,-22.2,
846 Liseicki,8560,-22.3,
846 Liseicki,8580,-22.4,
846 Liseicki,8600,-22.4,
846 Liseicki,8620,-22.4,
846 Liseicki,8640,-22.4,
846 Liseicki,8660,-22.3,
846 Liseicki,8680,-22.2,
846 Liseicki,8700,-22.0,
846 Liseicki,8720,-21.9,
846 Liseicki,8740,-21.8,
846 Liseicki,8760,-21.8,
846 Liseicki,8780,-21.9,
846 Liseicki,8800,-22.1,
846 Liseicki,8820,-22.3,
846 Liseicki,8840,-22.6,
846 Liseicki,8860,-22.8,
846 Liseicki,8880,-22.8,
846 Liseicki,8900,-22.8,
846 Liseicki,8920,-22.5,
846 Liseicki,8940,-22.1,
846 Liseicki,8960,-21.5,
846 Liseicki,8980,-20.8,
846 Liseicki,9000,-20.1,
846 Liseicki,9020,-19.3,
846 Liseicki,9040,-18.6,
846 Liseicki,9060,-18.1,
846 Liseicki,9080,-17.6,
846 Liseicki,9100,-17.3,
846 Liseicki,9120,-17.2,
846 Liseicki,9140,-17.2,
846 Liseicki,9160,-17.3,
846 Liseicki,9180,-17.5,
846 Liseicki,9200,-17.6,
846 Liseicki,9220,-17.8,
846 Liseicki,9240,-17.9,
846 Liseicki,9260,-18.0,
846 Liseicki,9280,-18.0,
846 Liseicki,9300,-18.0,
846 Liseicki,9320,-17.9,
846 Liseicki,9340,-17.7,
846 Liseicki,9360,-17.4,
846 Liseicki,9380,-17.1,
846 Liseicki,9400,-16.6,
846 Liseicki,9420,-16.1,
846 Liseicki,9440,-15.5,
846 Liseicki,9460,-14.9,
846 Liseicki,9480,-14.2,
846 Liseicki,9500,-13.6,
846 Liseicki,9520,-13.0,
846 Liseicki,9540,-12.5,
846 Liseicki,9560,-12.1,
846 Liseicki,9580,-11.8,
846 Liseicki,9600,-11.6,
846 Liseicki,9620,-11.6,
846 Liseicki,9640,-11.7,
846 Liseicki,9660,-11.9,
846 Liseicki,9680,-12.2,
846 Liseicki,9700,-12.5,
846 Liseicki,9720,-12.9,
846 Liseicki,9740,-13.3,
846 Liseicki,9760,-13.7,
846 Liseicki,9780,-14.0,
846 Liseicki,9800,-14.2,
846 Liseicki,9820,-14.3,
846 Liseicki,9840,-14.2,
846 Liseicki,9860,-13.9,
846 Liseicki,9880,-13.5,
846 Liseicki,9900,-12.9,
846 Liseicki,9920,-12.2,
846 Liseicki,9940,-11.4,
846 Liseicki,9960,-10.6,
846 Liseicki,9980,-9.7,
846 Liseicki,10000,-8.9,
846 Liseicki,10020,-8.1,
846 Liseicki,10040,-7.5,
846 Liseicki,10060,-6.8,
846 Liseicki,10080,-6.3,
846 Liseicki,10100,-5.9,
846 Liseicki,10120,-5.5,
846 Liseicki,10140,-5.1,
846 Liseicki,10160,-4.8,
846 Liseicki,10180,-4.6,
846 Liseicki,10200,-4.4,
846 Liseicki,10220,-4.2,
846 Liseicki,10240,-4.1,
846 Liseicki,10260,-3.9,
846 Liseicki,10280,-3.8,
846 Liseicki,10300,-3.6,
846 Liseicki,10320,-3.4,
846 Liseicki,10340,-3.1,
846 Liseicki,10360,-2.9,
846 Liseicki,10380,-2.5,
846 Liseicki,10400,-2.2,
846 Liseicki,10420,-1.8,
846 Liseicki,10440,-1.4,
846 Liseicki,10460,-1.1,
846 Liseicki,10480,-0.7,
846 Liseicki,10500,-0.4,
846 Liseicki,10520,-0.1,
846 Liseicki,10540,0.3,
846 Liseicki,10560,0.7,
846 Liseicki,10580,1.1,
846 Liseicki,10600,1.7,
846 Liseicki,10620,2.3,
846 Liseicki,10640,3.1,
846 Liseicki,10660,3.8,
846 Liseicki,10680,4.6,
846 Liseicki,10700,5.3,
846 Liseicki,10720,5.9,
846 Liseicki,10740,6.3,
846 Liseicki,10760,6.5,
846 Liseicki,10780,6.6,
846 Liseicki,10800,6.4,
846 Liseicki,10820,6.1,
846 Liseicki,10840,5.7,
846 Liseicki,10860,5.2,
846 Liseicki,10880,4.8,
846 Liseicki,10900,4.3,
846 Liseicki,10920,3.8,
846 Liseicki,10940,3.4,
846 Liseicki,10960,2.9,
846 Liseicki,10980,2.5,
846 Liseicki,11000,2.1,
846 Liseicki,11020,1.7,
846 Liseicki,11040,1.3,
846 Liseicki,11060,1.0,
846 Liseicki,11080,0.8,
846 Liseicki,11100,0.6,
846 Liseicki,11120,0.6,
846 Liseicki,11140,0.6,
846 Liseicki,11160,0.7,
846 Liseicki,11180,0.9,
846 Liseicki,11200,1.1,
846 Liseicki,11220,1.3,
846 Liseicki,11240,1.4,
846 Liseicki,11260,1.5,
846 Liseicki,11280,1.5,
846 Liseicki,11300,1.4,
846 Liseicki,11320,1.3,
846 Liseicki,11340,1.1,
846 Liseicki,11360,1.0,
846 Liseicki,11380,0.8,
846 Liseicki,11400,0.7,
846 Liseicki,11420,0.7,
846 Liseicki,11440,0.7,
846 Liseicki,11460,0.8,
846 Liseicki,11480,0.9,
846 Liseicki,11500,0.9,
846 Liseicki,11520,1.0,
846 Liseicki,11540,0.9,
846 Liseicki,11560,0.8,
846 Liseicki,11580,0.7,
846 Liseicki,11600,0.5,
846 Liseicki,11620,0.3,
846 Liseicki,11640,0.0,
846 Liseicki,11660,-0.2,
846 Liseicki,11680,-0.4,
846 Liseicki,11700,-0.6,
846 Liseicki,11720,-0.8,
846 Liseicki,11740,-1.1,
846 Liseicki,11760,-1.3,
846 Liseicki,11780,-1.6,
846 Liseicki,11800,-1.9,
846 Liseicki,11820,-2.1,
846 Liseicki,11840,-2.3,
846 Liseicki,11860,-2.4,
846 Liseicki,11880,-2.3,
846 Liseicki,11900,-2.1,
846 Liseicki,11920,-1.7,
846 Liseicki,11940,-1.1,
846 Liseicki,11960,-0.4,
846 Liseicki,11980,0.5,
846 Liseicki,12000,1.4,
846 Liseicki,12020,2.3,
846 Liseicki,12040,3.2,
846 Liseicki,12060,4.1,
846 Liseicki,12080,4.8,
846 Liseicki,12100,5.5,
846 Liseicki,12120,6.1,
846 Liseicki,12140,6.5,
846 Liseicki,12160,6.8,
846 Liseicki,12180,6.9,
846 Liseicki,12200,6.9,
846 Liseicki,12220,6.7,
846 Liseicki,12240,6.4,
846 Liseicki,12260,6.0,
846 Liseicki,12280,5.4,
846 Liseicki,12300,4.7,
846 Liseicki,12320,3.9,
846 Liseicki,12340,3.1,
846 Liseicki,12360,2.2,
846 Liseicki,12380,1.3,
846 Liseicki,12400,0.4,
846 Liseicki,12420,-0.3,
846 Liseicki,12440,-0.9,
846 Liseicki,12460,-1.4,
846 Liseicki,12480,-1.7,
846 Liseicki,12500,-1.9,
846 Liseicki,12520,-1.9,
846 Liseicki,12540,-1.9,
846 Liseicki,12560,-1.9,
846 Liseicki,12580,-1.8,
846 Liseicki,12600,-1.8,
846 Liseicki,12620,-1.9,
846 Liseicki,12640,-2.0,
846 Liseicki,12660,-2.3,
846 Liseicki,12680,-2.6,
846 Liseicki,12700,-3.1,
846 Liseicki,12720,-3.6,
846 Liseicki,12740,-4.2,
846 Liseicki,12760,-4.8,
846 Liseicki,12780,-5.4,
846 Liseicki,12800,-6.1,
846 Liseicki,12820,-6.7,
846 Liseicki,12840,-7.3,
846 Liseicki,12860,-7.8,
846 Liseicki,12880,-8.2,
846 Liseicki,12900,-8.6,
846 Liseicki,12920,-8.7,
846 Liseicki,12940,-8.7,
846 Liseicki,12960,-8.4,
846 Liseicki,12980,-7.8,
846 Liseicki,13000,-7.0,
846 Liseicki,13020,-5.9,
846 Liseicki,13040,-4.7,
846 Liseicki,13060,-3.3,
846 Liseicki,13080,-1.9,
846 Liseicki,13100,-0.6,
846 Liseicki,13120,0.6,
846 Liseicki,13140,1.5,
846 Liseicki,13160,2.1,
846 Liseicki,13180,2.3,
846 Liseicki,13200,2.3,
846 Liseicki,13220,2.0,
846 Liseicki,13240,1.4,
846 Liseicki,13260,0.7,
846 Liseicki,13280,0.0,
846 Liseicki,13300,-0.6,
846 Liseicki,13320,-1.1,
846 Liseicki,13340,-1.4,
846 Liseicki,13360,-1.6,
846 Liseicki,13380,-1.5,
846 Liseicki,13400,-1.3,
846 Liseicki,13420,-1.0,
846 Liseicki,13440,-0.7,
846 Liseicki,13460,-0.4,
846 Liseicki,13480,-0.3,
846 Liseicki,13500,-0.3,
846 Liseicki,13520,-0.4,
846 Liseicki,13540,-0.8,
846 Liseicki,13560,-1.3,
846 Liseicki,13580,-1.8,
846 Liseicki,13600,-2.4,
846 Liseicki,13620,-2.9,
846 Liseicki,13640,-3.2,
846 Liseicki,13660,-3.2,
846 Liseicki,13680,-2.8,
846 Liseicki,13700,-1.9,
846 Liseicki,13720,-0.6,
846 Liseicki,13740,1.2,
846 Liseicki,13760,3.5,
846 Liseicki,13780,6.2,
846 Liseicki,13800,9.2,
846 Liseicki,13820,12.4,
846 Liseicki,13840,15.5,
846 Liseicki,13860,18.3,
846 Liseicki,13880,20.8,
846 Liseicki,13900,22.8,
846 Liseicki,13920,24.2,
846 Liseicki,13940,25.0,
846 Liseicki,13960,25.3,
846 Liseicki,13980,25.0,
846 Liseicki,14000,24.4,
846 Liseicki,14020,23.6,
846 Liseicki,14040,22.6,
846 Liseicki,14060,21.6,
846 Liseicki,14080,20.7,
846 Liseicki,14100,19.9,
846 Liseicki,14120,19.3,
846 Liseicki,14140,18.8,
846 Liseicki,14160,18.6,
846 Liseicki,14180,18.6,
846 Liseicki,14200,18.6,
846 Liseicki,14220,18.8,
846 Liseicki,14240,19.0,
846 Liseicki,14260,19.3,
846 Liseicki,14280,19.4,
846 Liseicki,14300,19.4,
846 Liseicki,14320,19.3,
846 Liseicki,14340,19.0,
846 Liseicki,14360,18.7,
846 Liseicki,14380,18.2,
846 Liseicki,14400,17.8,
846 Liseicki,14420,17.4,
846 Liseicki,14440,17.2,
846 Liseicki,14460,17.1,
846 Liseicki,14480,17.1,
846 Liseicki,14500,17.3,
846 Liseicki,14520,17.7,
846 Liseicki,14540,18.1,
846 Liseicki,14560,18.6,
846 Liseicki,14580,19.2,
846 Liseicki,14600,19.8,
846 Liseicki,14620,20.4,
846 Liseicki,14640,21.1,
846 Liseicki,14660,21.8,
846 Liseicki,14680,22.5,
846 Liseicki,14700,23.2,
846 Liseicki,14720,24.0,
846 Liseicki,14740,24.9,
846 Liseicki,14760,25.7,
846 Liseicki,14780,26.5,
846 Liseicki,14800,27.2,
846 Liseicki,14820,27.9,
846 Liseicki,14840,28.4,
846 Liseicki,14860,28.9,
846 Liseicki,14880,29.3,
846 Liseicki,14900,29.6,
846 Liseicki,14920,30.0,
846 Liseicki,14940,30.4,
846 Liseicki,14960,30.8,
846 Liseicki,14980,31.3,
846 Liseicki,15000,31.9,
846 Liseicki,15020,32.4,
846 Liseicki,15040,32.8,
846 Liseicki,15060,33.1,
846 Liseicki,15080,33.2,
846 Liseicki,15100,33.0,
846 Liseicki,15120,32.5,
846 Liseicki,15140,31.8,
846 Liseicki,15160,30.7,
846 Liseicki,15180,29.4,
846 Liseicki,15200,27.8,
846 Liseicki,15220,26.2,
846 Liseicki,15240,24.5,
846 Liseicki,15260,22.8,
846 Liseicki,15280,21.2,
846 Liseicki,15300,19.8,
846 Liseicki,15320,18.5,
846 Liseicki,15340,17.6,
846 Liseicki,15360,16.9,
846 Liseicki,15380,16.5,
846 Liseicki,15400,16.5,
846 Liseicki,15420,16.8,
846 Liseicki,15440,17.2,
846 Liseicki,15460,17.7,
846 Liseicki,15480,18.3,
846 Liseicki,15500,18.7,
846 Liseicki,15520,18.8,
846 Liseicki,15540,18.7,
846 Liseicki,15560,18.2,
846 Liseicki,15580,17.4,
846 Liseicki,15600,16.3,
846 Liseicki,15620,15.1,
846 Liseicki,15640,13.7,
846 Liseicki,15660,12.3,
846 Liseicki,15680,11.0,
846 Liseicki,15700,9.9,
846 Liseicki,15720,9.0,
846 Liseicki,15740,8.3,
846 Liseicki,15760,7.9,
846 Liseicki,15780,7.8,
846 Liseicki,15800,7.9,
846 Liseicki,15820,8.3,
846 Liseicki,15840,9.0,
846 Liseicki,15860,10.1,
846 Liseicki,15880,11.4,
846 Liseicki,15900,13.1,
846 Liseicki,15920,14.9,
846 Liseicki,15940,16.9,
846 Liseicki,15960,18.9,
846 Liseicki,15980,20.7,
846 Liseicki,16000,22.4,
846 Liseicki,16020,23.9,
846 Liseicki,16040,25.0,
846 Liseicki,16060,25.9,
846 Liseicki,16080,26.5,
846 Liseicki,16100,26.9,
846 Liseicki,16120,27.1,
846 Liseicki,16140,27.3,
846 Liseicki,16160,27.4,
846 Liseicki,16180,27.5,
846 Liseicki,16200,27.6,
846 Liseicki,16220,27.7,
846 Liseicki,16240,27.9,
846 Liseicki,16260,28.2,
846 Liseicki,16280,28.5,
846 Liseicki,16300,28.8,
846 Liseicki,16320,29.1,
846 Liseicki,16340,29.4,
846 Liseicki,16360,29.6,
846 Liseicki,16380,29.7,
846 Liseicki,16400,29.8,
846 Liseicki,16420,29.7,
846 Liseicki,16440,29.5,
846 Liseicki,16460,29.1,
846 Liseicki,16480,28.6,
846 Liseicki,16500,28.0,
846 Liseicki,16520,27.4,
846 Liseicki,16540,26.7,
846 Liseicki,16560,26.1,
846 Liseicki,16580,25.5,
846 Liseicki,16600,25.0,
846 Liseicki,16620,24.5,
846 Liseicki,16640,24.2,
846 Liseicki,16660,24.0,
846 Liseicki,16680,23.8,
846 Liseicki,16700,23.7,
846 Liseicki,16720,23.6,
846 Liseicki,16740,23.5,
846 Liseicki,16760,23.3,
846 Liseicki,16780,23.0,
846 Liseicki,16800,22.5,
846 Liseicki,16820,21.8,
846 Liseicki,16840,20.8,
846 Liseicki,16860,19.6,
846 Liseicki,16880,18.0,
846 Liseicki,16900,16.2,
846 Liseicki,16920,14.2,
846 Liseicki,16940,12.1,
846 Liseicki,16960,10.0,
846 Liseicki,16980,7.9,
846 Liseicki,17000,6.0,
846 Liseicki,17020,4.3,
846 Liseicki,17040,2.9,
846 Liseicki,17060,1.8,
846 Liseicki,17080,0.8,
846 Liseicki,17100,0.1,
846 Liseicki,17120,-0.5,
846 Liseicki,17140,-0.9,
846 Liseicki,17160,-1.3,
846 Liseicki,17180,-1.5,
846 Liseicki,17200,-1.6,
846 Liseicki,17220,-1.6,
846 Liseicki,17240,-1.6,
846 Liseicki,17260,-1.4,
846 Liseicki,17280,-1.3,
846 Liseicki,17300,-1.1,
846 Liseicki,17320,-0.9,
846 Liseicki,17340,-0.8,
846 Liseicki,17360,-0.6,
846 Liseicki,17380,-0.5,
846 Liseicki,17400,-0.3,
846 Liseicki,17420,-0.1,
846 Liseicki,17440,0.2,
846 Liseicki,17460,0.5,
846 Liseicki,17480,0.9,
846 Liseicki,17500,1.3,
846 Liseicki,17520,1.8,
846 Liseicki,17540,2.4,
846 Liseicki,17560,3.0,
846 Liseicki,17580,3.5,
846 Liseicki,17600,4.0,
846 Liseicki,17620,4.4,
846 Liseicki,17640,4.6,
846 Liseicki,17660,4.7,
846 Liseicki,17680,4.7,
846 Liseicki,17700,4.4,
846 Liseicki,17720,4.1,
846 Liseicki,17740,3.5,
846 Liseicki,17760,2.9,
846 Liseicki,17780,2.2,
846 Liseicki,17800,1.5,
846 Liseicki,17820,0.8,
846 Liseicki,17840,0.2,
846 Liseicki,17860,-0.3,
846 Liseicki,17880,-0.6,
846 Liseicki,17900,-0.7,
846 Liseicki,17920,-0.6,
846 Liseicki,17940,-0.2,
846 Liseicki,17960,0.3,
846 Liseicki,17980,0.8,
846 Liseicki,18000,1.4,
846 Liseicki,18020,2.0,
846 Liseicki,18040,2.5,
846 Liseicki,18060,2.8,
846 Liseicki,18080,2.9,
846 Liseicki,18100,2.8,
846 Liseicki,18120,2.6,
846 Liseicki,18140,2.1,
846 Liseicki,18160,1.5,
846 Liseicki,18180,0.8,
846 Liseicki,18200,-0.2,
846 Liseicki,18220,-1.2,
846 Liseicki,18240,-2.5,
846 Liseicki,18260,-3.8,
846 Liseicki,18280,-5.2,
846 Liseicki,18300,-6.6,
846 Liseicki,18320,-8.0,
846 Liseicki,18340,-9.3,
846 Liseicki,18360,-10.5,
846 Liseicki,18380,-11.6,
846 Liseicki,18400,-12.5,
846 Liseicki,18420,-13.2,
846 Liseicki,18440,-13.7,
846 Liseicki,18460,-14.0,
846 Liseicki,18480,-14.1,
846 Liseicki,18500,-14.1,
846 Liseicki,18520,-13.9,
846 Liseicki,18540,-13.6,
846 Liseicki,18560,-13.1,
846 Liseicki,18580,-12.5,
846 Liseicki,18600,-11.8,
846 Liseicki,18620,-10.9,
846 Liseicki,18640,-9.9,
846 Liseicki,18660,-8.8,
846 Liseicki,18680,-7.7,
846 Liseicki,18700,-6.8,
846 Liseicki,18720,-6.0,
846 Liseicki,18740,-5.5,
846 Liseicki,18760,-5.3,
846 Liseicki,18780,-5.5,
846 Liseicki,18800,-6.1,
846 Liseicki,18820,-6.9,
846 Liseicki,18840,-8.0,
846 Liseicki,18860,-9.3,
846 Liseicki,18880,-10.6,
846 Liseicki,18900,-11.9,
846 Liseicki,18920,-13.1,
846 Liseicki,18940,-14.1,
846 Liseicki,18960,-14.9,
846 Liseicki,18980,-15.5,
846 Liseicki,19000,-15.9,
846 Liseicki,19020,-16.1,
846 Liseicki,19040,-16.0,
846 Liseicki,19060,-15.7,
846 Liseicki,19080,-15.2,
846 Liseicki,19100,-14.5,
846 Liseicki,19120,-13.7,
846 Liseicki,19140,-13.0,
846 Liseicki,19160,-12.2,
846 Liseicki,19180,-11.7,
846 Liseicki,19200,-11.3,
846 Liseicki,19220,-11.3,
846 Liseicki,19240,-11.7,
846 Liseicki,19260,-12.4,
846 Liseicki,19280,-13.5,
846 Liseicki,19300,-14.9,
846 Liseicki,19320,-16.4,
846 Liseicki,19340,-18.1,
846 Liseicki,19360,-19.6,
846 Liseicki,19380,-20.8,
846 Liseicki,19400,-21.7,
846 Liseicki,19420,-22.2,
846 Liseicki,19440,-22.1,
846 Liseicki,19460,-21.5,
846 Liseicki,19480,-20.4,
846 Liseicki,19500,-18.9,
846 Liseicki,19520,-17.1,
846 Liseicki,19540,-15.1,
846 Liseicki,19560,-13.0,
846 Liseicki,19580,-11.0,
846 Liseicki,19600,-9.1,
846 Liseicki,19620,-7.5,
846 Liseicki,19640,-6.3,
846 Liseicki,19660,-5.4,
846 Liseicki,19680,-5.0,
846 Liseicki,19700,-5.0,
846 Liseicki,19720,-5.4,
846 Liseicki,19740,-6.0,
846 Liseicki,19760,-6.9,
846 Liseicki,19780,-7.8,
846 Liseicki,19800,-8.6,
846 Liseicki,19820,-9.1,
846 Liseicki,19840,-9.2,
846 Liseicki,19860,-9.0,
846 Liseicki,19880,-8.2,
846 Liseicki,19900,-7.1,
846 Liseicki,19920,-5.6,
846 Liseicki,19940,-4.0,
846 Liseicki,19960,-2.2,
846 Liseicki,19980,-0.4,
846 Liseicki,20000,1.2,
846 Liseicki,20020,2.5,
846 Liseicki,20040,3.4,
846 Liseicki,20060,4.0,
846 Liseicki,20080,4.3,
846 Liseicki,20100,4.4,
846 Liseicki,20120,4.3,
846 Liseicki,20140,4.2,
846 Liseicki,20160,4.2,
846 Liseicki,20180,4.2,
846 Liseicki,20200,4.4,
846 Liseicki,20220,4.7,
846 Liseicki,20240,5.0,
846 Liseicki,20260,5.3,
846 Liseicki,20280,5.3,
846 Liseicki,20300,4.9,
846 Liseicki,20320,4.1,
846 Liseicki,20340,2.7,
846 Liseicki,20360,0.8,
846 Liseicki,20380,-1.7,
846 Liseicki,20400,-4.7,
846 Liseicki,20420,-8.1,
846 Liseicki,20440,-11.7,
846 Liseicki,20460,-15.4,
846 Liseicki,20480,-19.0,
846 Liseicki,20500,-22.3,
846 Liseicki,20520,-25.1,
846 Liseicki,20540,-27.3,
846 Liseicki,20560,-28.8,
846 Liseicki,20580,-29.6,
846 Liseicki,20600,-29.7,
846 Liseicki,20620,-29.1,
846 Liseicki,20640,-28.1,
846 Liseicki,20660,-26.6,
846 Liseicki,20680,-24.9,
846 Liseicki,20700,-23.0,
846 Liseicki,20720,-21.3,
846 Liseicki,20740,-19.7,
846 Liseicki,20760,-18.4,
846 Liseicki,20780,-17.3,
846 Liseicki,20800,-16.7,
846 Liseicki,20820,-16.3,
846 Liseicki,20840,-16.3,
846 Liseicki,20860,-16.4,
846 Liseicki,20880,-16.7,
846 Liseicki,20900,-17.0,
846 Liseicki,20920,-17.2,
846 Liseicki,20940,-17.2,
846 Liseicki,20960,-17.1,
846 Liseicki,20980,-16.7,
846 Liseicki,21000,-16.2,
846 Liseicki,21020,-15.5,
846 Liseicki,21040,-14.7,
846 Liseicki,21060,-13.8,
846 Liseicki,21080,-13.0,
846 Liseicki,21100,-12.3,
846 Liseicki,21120,-11.7,
846 Liseicki,21140,-11.2,
846 Liseicki,21160,-10.9,
846 Liseicki,21180,-10.8,
846 Liseicki,21200,-10.8,
846 Liseicki,21220,-10.9,
846 Liseicki,21240,-11.0,
846 Liseicki,21260,-11.1,
846 Liseicki,21280,-11.1,
846 Liseicki,21300,-10.9,
846 Liseicki,21320,-10.5,
846 Liseicki,21340,-9.8,
846 Liseicki,21360,-8.8,
846 Liseicki,21380,-7.6,
846 Liseicki,21400,-6.0,
846 Liseicki,21420,-4.2,
846 Liseicki,21440,-2.2,
846 Liseicki,21460,-0.2,
846 Liseicki,21480,1.7,
846 Liseicki,21500,3.5,
846 Liseicki,21520,4.9,
846 Liseicki,21540,5.9,
846 Liseicki,21560,6.6,
846 Liseicki,21580,6.9,
846 Liseicki,21600,6.8,
846 Liseicki,21620,6.5,
846 Liseicki,21640,6.0,
846 Liseicki,21660,5.4,
846 Liseicki,21680,4.8,
846 Liseicki,21700,4.2,
846 Liseicki,21720,3.6,
846 Liseicki,21740,2.9,
846 Liseicki,21760,2.2,
846 Liseicki,21780,1.4,
846 Liseicki,21800,0.5,
846 Liseicki,21820,-0.6,
846 Liseicki,21840,-1.7,
846 Liseicki,21860,-3.0,
846 Liseicki,21880,-4.3,
846 Liseicki,21900,-5.5,
846 Liseicki,21920,-6.7,
846 Liseicki,21940,-7.6,
846 Liseicki,21960,-8.5,
846 Liseicki,21980,-9.1,
846 Liseicki,22000,-9.7,
846 Liseicki,22020,-10.1,
846 Liseicki,22040,-10.5,
846 Liseicki,22060,-10.9,
846 Liseicki,22080,-11.3,
846 Liseicki,22100,-11.7,
846 Liseicki,22120,-12.1,
846 Liseicki,22140,-12.4,
846 Liseicki,22160,-12.6,
846 Liseicki,22180,-12.6,
846 Liseicki,22200,-12.5,
846 Liseicki,22220,-12.2,
846 Liseicki,22240,-11.7,
846 Liseicki,22260,-11.2,
846 Liseicki,22280,-10.6,
846 Liseicki,22300,-10.0,
846 Liseicki,22320,-9.4,
846 Liseicki,22340,-8.8,
846 Liseicki,22360,-8.2,
846 Liseicki,22380,-7.7,
846 Liseicki,22400,-7.2,
846 Liseicki,22420,-6.7,
846 Liseicki,22440,-6.2,
846 Liseicki,22460,-5.8,
846 Liseicki,22480,-5.3,
846 Liseicki,22500,-4.9,
846 Liseicki,22520,-4.5,
846 Liseicki,22540,-4.0,
846 Liseicki,22560,-3.6,
846 Liseicki,22580,-3.2,
846 Liseicki,22600,-2.9,
846 Liseicki,22620,-2.5,
846 Liseicki,22640,-2.3,
846 Liseicki,22660,-2.1,
846 Liseicki,22680,-2.1,
846 Liseicki,22700,-2.2,
846 Liseicki,22720,-2.5,
846 Liseicki,22740,-3.0,
846 Liseicki,22760,-3.7,
846 Liseicki,22780,-4.7,
846 Liseicki,22800,-5.8,
846 Liseicki,22820,-7.2,
846 Liseicki,22840,-8.6,
846 Liseicki,22860,-10.2,
846 Liseicki,22880,-11.9,
846 Liseicki,22900,-13.6,
846 Liseicki,22920,-15.2,
846 Liseicki,22940,-16.7,
846 Liseicki,22960,-18.0,
846 Liseicki,22980,-19.0,
846 Liseicki,23000,-19.7,
846 Liseicki,23020,-20.0,
846 Liseicki,23040,-19.8,
846 Liseicki,23060,-19.1,
846 Liseicki,23080,-17.9,
846 Liseicki,23100,-16.2,
846 Liseicki,23120,-14.2,
846 Liseicki,23140,-12.0,
846 Liseicki,23160,-9.6,
846 Liseicki,23180,-7.2,
846 Liseicki,23200,-4.9,
846 Liseicki,23220,-2.6,
846 Liseicki,23240,-0.6,
846 Liseicki,23260,1.1,
846 Liseicki,23280,2.6,
846 Liseicki,23300,3.9,
846 Liseicki,23320,4.8,
846 Liseicki,23340,5.5,
846 Liseicki,23360,6.0,
846 Liseicki,23380,6.2,
846 Liseicki,23400,6.2,
846 Liseicki,23420,5.9,
846 Liseicki,23440,5.5,
846 Liseicki,23460,5.0,
846 Liseicki,23480,4.4,
846 Liseicki,23500,3.9,
846 Liseicki,23520,3.4,
846 Liseicki,23540,3.1,
846 Liseicki,23560,3.0,
846 Liseicki,23580,3.1,
846 Liseicki,23600,3.6,
846 Liseicki,23620,4.3,
846 Liseicki,23640,5.3,
846 Liseicki,23660,6.5,
846 Liseicki,23680,7.8,
846 Liseicki,23700,9.1,
846 Liseicki,23720,10.3,
846 Liseicki,23740,11.3,
846 Liseicki,23760,12.2,
846 Liseicki,23780,12.8,
846 Liseicki,23800,13.3,
846 Liseicki,23820,13.6,
846 Liseicki,23840,13.9,
846 Liseicki,23860,14.1,
846 Liseicki,23880,14.4,
846 Liseicki,23900,14.8,
846 Liseicki,23920,15.4,
846 Liseicki,23940,16.0,
846 Liseicki,23960,16.8,
846 Liseicki,23980,17.5,
846 Liseicki,24000,18.3,
846 Liseicki,24020,19.0,
846 Liseicki,24040,19.5,
846 Liseicki,24060,19.9,
846 Liseicki,24080,20.1,
846 Liseicki,24100,20.1,
846 Liseicki,24120,19.8,
846 Liseicki,24140,19.4,
846 Liseicki,24160,18.7,
846 Liseicki,24180,17.9,
846 Liseicki,24200,16.9,
846 Liseicki,24220,15.9,
846 Liseicki,24240,14.9,
846 Liseicki,24260,13.9,
846 Liseicki,24280,13.0,
846 Liseicki,24300,12.3,
846 Liseicki,24320,11.7,
846 Liseicki,24340,11.3,
846 Liseicki,24360,11.1,
846 Liseicki,24380,10.9,
846 Liseicki,24400,10.9,
846 Liseicki,24420,11.0,
846 Liseicki,24440,11.1,
846 Liseicki,24460,11.2,
846 Liseicki,24480,11.4,
846 Liseicki,24500,11.6,
846 Liseicki,24520,11.8,
846 Liseicki,24540,12.1,
846 Liseicki,24560,12.3,
846 Liseicki,24580,12.5,
846 Liseicki,24600,12.8,
846 Liseicki,24620,12.9,
846 Liseicki,24640,13.0,
846 Liseicki,24660,13.1,
846 Liseicki,24680,13.0,
846 Liseicki,24700,12.9,
846 Liseicki,24720,12.8,
846 Liseicki,24740,12.6,
846 Liseicki,24760,12.3,
846 Liseicki,24780,12.0,
846 Liseicki,24800,11.7,
846 Liseicki,24820,11.3,
846 Liseicki,24840,10.9,
846 Liseicki,24860,10.5,
846 Liseicki,24880,10.0,
846 Liseicki,24900,9.4,
846 Liseicki,24920,8.8,
846 Liseicki,24940,8.2,
846 Liseicki,24960,7.5,
846 Liseicki,24980,6.8,
846 Liseicki,25000,6.1,
846 Liseicki,25020,5.4,
846 Liseicki,25040,4.8,
846 Liseicki,25060,4.3,
846 Liseicki,25080,4.0,
846 Liseicki,25100,3.9,
846 Liseicki,25120,3.9,
846 Liseicki,25140,4.2,
846 Liseicki,25160,4.6,
846 Liseicki,25180,5.2,
846 Liseicki,25200,5.8,
846 Liseicki,25220,6.5,
846 Liseicki,25240,7.1,
846 Liseicki,25260,7.6,
846 Liseicki,25280,8.0,
846 Liseicki,25300,8.1,
846 Liseicki,25320,8.1,
846 Liseicki,25340,7.8,
846 Liseicki,25360,7.3,
846 Liseicki,25380,6.6,
846 Liseicki,25400,5.9,
846 Liseicki,25420,5.0,
846 Liseicki,25440,4.3,
846 Liseicki,25460,3.6,
846 Liseicki,25480,3.2,
846 Liseicki,25500,2.9,
846 Liseicki,25520,3.0,
846 Liseicki,25540,3.3,
846 Liseicki,25560,3.8,
846 Liseicki,25580,4.4,
846 Liseicki,25600,5.2,
846 Liseicki,25620,5.9,
846 Liseicki,25640,6.6,
846 Liseicki,25660,7.1,
846 Liseicki,25680,7.4,
846 Liseicki,25700,7.5,
846 Liseicki,25720,7.3,
846 Liseicki,25740,7.0,
846 Liseicki,25760,6.4,
846 Liseicki,25780,5.8,
846 Liseicki,25800,5.1,
846 Liseicki,25820,4.5,
846 Liseicki,25840,4.0,
846 Liseicki,25860,3.7,
846 Liseicki,25880,3.6,
846 Liseicki,25900,3.8,
846 Liseicki,25920,4.1,
846 Liseicki,25940,4.7,
846 Liseicki,25960,5.3,
846 Liseicki,25980,6.0,
846 Liseicki,26000,6.6,
846 Liseicki,26020,7.1,
846 Liseicki,26040,7.3,
846 Liseicki,26060,7.3,
846 Liseicki,26080,7.0,
846 Liseicki,26100,6.4,
846 Liseicki,26120,5.6,
846 Liseicki,26140,4.6,
846 Liseicki,26160,3.5,
846 Liseicki,26180,2.4,
846 Liseicki,26200,1.3,
846 Liseicki,26220,0.2,
846 Liseicki,26240,-0.7,
846 Liseicki,26260,-1.4,
846 Liseicki,26280,-2.0,
846 Liseicki,26300,-2.4,
846 Liseicki,26320,-2.7,
846 Liseicki,26340,-2.8,
846 Liseicki,26360,-3.0,
846 Liseicki,26380,-3.0,
846 Liseicki,26400,-3.1,
846 Liseicki,26420,-3.2,
846 Liseicki,26440,-3.3,
846 Liseicki,26460,-3.5,
846 Liseicki,26480,-3.7,
846 Liseicki,26500,-4.1,
846 Liseicki,26520,-4.5,
846 Liseicki,26540,-5.1,
846 Liseicki,26560,-5.8,
846 Liseicki,26580,-6.8,
846 Liseicki,26600,-7.9,
846 Liseicki,26620,-9.3,
846 Liseicki,26640,-10.8,
846 Liseicki,26660,-12.3,
846 Liseicki,26680,-13.9,
846 Liseicki,26700,-15.4,
846 Liseicki,26720,-16.6,
846 Liseicki,26740,-17.7,
846 Liseicki,26760,-18.5,
846 Liseicki,26780,-18.9,
846 Liseicki,26800,-19.1,
846 Liseicki,26820,-19.0,
846 Liseicki,26840,-18.6,
846 Liseicki,26860,-18.1,
846 Liseicki,26880,-17.5,
846 Liseicki,26900,-16.8,
846 Liseicki,26920,-16.2,
846 Liseicki,26940,-15.6,
846 Liseicki,26960,-15.1,
846 Liseicki,26980,-14.9,
846 Liseicki,27000,-14.8,
846 Liseicki,27020,-14.9,
846 Liseicki,27040,-15.1,
846 Liseicki,27060,-15.5,
846 Liseicki,27080,-16.0,
846 Liseicki,27100,-16.5,
846 Liseicki,27120,-16.9,
846 Liseicki,27140,-17.3,
846 Liseicki,27160,-17.5,
846 Liseicki,27180,-17.6,
846 Liseicki,27200,-17.6,
846 Liseicki,27220,-17.5,
846 Liseicki,27240,-17.3,
846 Liseicki,27260,-17.1,
846 Liseicki,27280,-17.0,
846 Liseicki,27300,-16.9,
846 Liseicki,27320,-16.9,
846 Liseicki,27340,-16.9,
846 Liseicki,27360,-17.0,
846 Liseicki,27380,-17.3,
846 Liseicki,27400,-17.6,
846 Liseicki,27420,-17.9,
846 Liseicki,27440,-18.4,
846 Liseicki,27460,-18.8,
846 Liseicki,27480,-19.3,
846 Liseicki,27500,-19.8,
846 Liseicki,27520,-20.2,
846 Liseicki,27540,-20.6,
846 Liseicki,27560,-20.9,
846 Liseicki,27580,-21.1,
846 Liseicki,27600,-21.1,
846 Liseicki,27620,-21.0,
846 Liseicki,27640,-20.8,
846 Liseicki,27660,-20.4,
846 Liseicki,27680,-20.0,
846 Liseicki,27700,-19.5,
846 Liseicki,27720,-19.1,
846 Liseicki,27740,-18.8,
846 Liseicki,27760,-18.6,
846 Liseicki,27780,-18.7,
846 Liseicki,27800,-18.9,
846 Liseicki,27820,-19.2,
846 Liseicki,27840,-19.6,
846 Liseicki,27860,-20.0,
846 Liseicki,27880,-20.2,
846 Liseicki,27900,-20.3,
846 Liseicki,27920,-20.1,
846 Liseicki,27940,-19.6,
846 Liseicki,27960,-18.9,
846 Liseicki,27980,-17.9,
846 Liseicki,28000,-16.9,
846 Liseicki,28020,-15.7,
846 Liseicki,28040,-14.7,
846 Liseicki,28060,-13.8,
846 Liseicki,28080,-13.1,
846 Liseicki,28100,-12.6,
846 Liseicki,28120,-12.4,
846 Liseicki,28140,-12.5,
846 Liseicki,28160,-12.8,
846 Liseicki,28180,-13.3,
846 Liseicki,28200,-13.9,
846 Liseicki,28220,-14.5,
846 Liseicki,28240,-15.2,
846 Liseicki,28260,-15.7,
846 Liseicki,28280,-16.2,
846 Liseicki,28300,-16.5,
846 Liseicki,28320,-16.7,
846 Liseicki,28340,-16.7,
846 Liseicki,28360,-16.6,
846 Liseicki,28380,-16.4,
846 Liseicki,28400,-16.0,
846 Liseicki,28420,-15.5,
846 Liseicki,28440,-14.9,
846 Liseicki,28460,-14.3,
846 Liseicki,28480,-13.7,
846 Liseicki,28500,-13.3,
846 Liseicki,28520,-12.9,
846 Liseicki,28540,-12.8,
846 Liseicki,28560,-12.9,
846 Liseicki,28580,-13.2,
846 Liseicki,28600,-13.7,
846 Liseicki,28620,-14.4,
846 Liseicki,28640,-15.2,
846 Liseicki,28660,-16.0,
846 Liseicki,28680,-16.8,
846 Liseicki,28700,-17.5,
846 Liseicki,28720,-18.2,
846 Liseicki,28740,-18.7,
846 Liseicki,28760,-19.2,
846 Liseicki,28780,-19.5,
846 Liseicki,28800,-19.8,
846 Liseicki,28820,-20.0,
846 Liseicki,28840,-20.1,
846 Liseicki,28860,-20.2,
846 Liseicki,28880,-20.1,
846 Liseicki,28900,-20.0,
846 Liseicki,28920,-19.7,
846 Liseicki,28940,-19.4,
846 Liseicki,28960,-18.9,
846 Liseicki,28980,-18.4,
846 Liseicki,29000,-17.8,
846 Liseicki,29020,-17.2,
846 Liseicki,29040,-16.7,
846 Liseicki,29060,-16.2,
846 Liseicki,29080,-15.7,
846 Liseicki,29100,-15.2,
846 Liseicki,29120,-14.8,
846 Liseicki,29140,-14.2,
846 Liseicki,29160,-13.6,
846 Liseicki,29180,-12.8,
846 Liseicki,29200,-11.9,
846 Liseicki,29220,-10.9,
846 Liseicki,29240,-9.8,
846 Liseicki,29260,-8.8,
846 Liseicki,29280,-7.8,
846 Liseicki,29300,-7.0,
846 Liseicki,29320,-6.4,
846 Liseicki,29340,-6.0,
846 Liseicki,29360,-5.7,
846 Liseicki,29380,-5.6,
846 Liseicki,29400,-5.5,
846 Liseicki,29420,-5.4,
846 Liseicki,29440,-5.3,
846 Liseicki,29460,-5.0,
846 Liseicki,29480,-4.6,
846 Liseicki,29500,-4.0,
846 Liseicki,29520,-3.3,
846 Liseicki,29540,-2.4,
846 Liseicki,29560,-1.5,
846 Liseicki,29580,-0.6,
846 Liseicki,29600,0.3,
846 Liseicki,29620,1.2,
846 Liseicki,29640,1.9,
846 Liseicki,29660,2.6,
846 Liseicki,29680,3.1,
846 Liseicki,29700,3.4,
846 Liseicki,29720,3.7,
846 Liseicki,29740,3.8,
846 Liseicki,29760,3.8,
846 Liseicki,29780,3.7,
846 Liseicki,29800,3.6,
846 Liseicki,29820,3.4,
846 Liseicki,29840,3.3,
846 Liseicki,29860,3.1,
846 Liseicki,29880,3.0,
846 Liseicki,29900,2.9,
846 Liseicki,29920,2.7,
846 Liseicki,29940,2.6,
846 Liseicki,29960,2.4,
846 Liseicki,29980,2.2,
846 Liseicki,30000,2.0,
846 Liseicki,30020,1.8,
846 Liseicki,30040,1.6,
846 Liseicki,30060,1.4,
846 Liseicki,30080,1.3,
846 Liseicki,30100,1.3,
846 Liseicki,30120,1.4,
846 Liseicki,30140,1.6,
846 Liseicki,30160,1.9,
846 Liseicki,30180,2.1,
846 Liseicki,30200,2.3,
846 Liseicki,30220,2.4,
846 Liseicki,30240,2.5,
846 Liseicki,30260,2.3,
846 Liseicki,30280,2.1,
846 Liseicki,30300,1.8,
846 Liseicki,30320,1.4,
846 Liseicki,30340,1.1,
846 Liseicki,30360,0.8,
846 Liseicki,30380,0.7,
846 Liseicki,30400,0.7,
846 Liseicki,30420,0.8,
846 Liseicki,30440,1.1,
846 Liseicki,30460,1.5,
846 Liseicki,30480,2.0,
846 Liseicki,30500,2.4,
846 Liseicki,30520,2.8,
846 Liseicki,30540,3.0,
846 Liseicki,30560,3.2,
846 Liseicki,30580,3.2,
846 Liseicki,30600,3.0,
846 Liseicki,30620,2.8,
846 Liseicki,30640,2.4,
846 Liseicki,30660,2.0,
846 Liseicki,30680,1.6,
846 Liseicki,30700,1.2,
846 Liseicki,30720,0.8,
846 Liseicki,30740,0.4,
846 Liseicki,30760,0.0,
846 Liseicki,30780,-0.3,
846 Liseicki,30800,-0.7,
846 Liseicki,30820,-1.1,
846 Liseicki,30840,-1.5,
846 Liseicki,30860,-1.8,
846 Liseicki,30880,-2.0,
846 Liseicki,30900,-2.1,
846 Liseicki,30920,-2.0,
846 Liseicki,30940,-1.7,
846 Liseicki,30960,-1.3,
846 Liseicki,30980,-0.7,
846 Liseicki,31000,0.0,
846 Liseicki,31020,0.8,
846 Liseicki,31040,1.5,
846 Liseicki,31060,2.3,
846 Liseicki,31080,2.8,
846 Liseicki,31100,3.2,
846 Liseicki,31120,3.5,
846 Liseicki,31140,3.5,
846 Liseicki,31160,3.4,
846 Liseicki,31180,3.1,
846 Liseicki,31200,2.7,
846 Liseicki,31220,2.3,
846 Liseicki,31240,1.9,
846 Liseicki,31260,1.6,
846 Liseicki,31280,1.4,
846 Liseicki,31300,1.2,
846 Liseicki,31320,1.2,
846 Liseicki,31340,1.1,
846 Liseicki,31360,1.1,
846 Liseicki,31380,1.0,
846 Liseicki,31400,0.8,
846 Liseicki,31420,0.5,
846 Liseicki,31440,0.1,
846 Liseicki,31460,-0.4,
846 Liseicki,31480,-1.1,
846 Liseicki,31500,-1.9,
846 Liseicki,31520,-2.8,
846 Liseicki,31540,-3.7,
846 Liseicki,31560,-4.6,
846 Liseicki,31580,-5.4,
846 Liseicki,31600,-6.1,
846 Liseicki,31620,-6.8,
846 Liseicki,31640,-7.2,
846 Liseicki,31660,-7.6,
846 Liseicki,31680,-7.8,
846 Liseicki,31700,-7.8,
846 Liseicki,31720,-7.8,
846 Liseicki,31740,-7.6,
846 Liseicki,31760,-7.3,
846 Liseicki,31780,-7.0,
846 Liseicki,31800,-6.6,
846 Liseicki,31820,-6.2,
846 Liseicki,31840,-5.8,
846 Liseicki,31860,-5.3,
846 Liseicki,31880,-4.7,
846 Liseicki,31900,-4.2,
846 Liseicki,31920,-3.6,
846 Liseicki,31940,-3.0,
846 Liseicki,31960,-2.4,
846 Liseicki,31980,-1.8,
846 Liseicki,32000,-1.3,
846 Liseicki,32020,-0.8,
846 Liseicki,32040,-0.3,
846 Liseicki,32060,0.0,
846 Liseicki,32080,0.2,
846 Liseicki,32100,0.3,
846 Liseicki,32120,0.2,
846 Liseicki,32140,0.0,
846 Liseicki,32160,-0.3,
846 Liseicki,32180,-0.7,
846 Liseicki,32200,-1.3,
846 Liseicki,32220,-1.9,
846 Liseicki,32240,-2.7,
846 Liseicki,32260,-3.5,
846 Liseicki,32280,-4.3,
846 Liseicki,32300,-5.1,
846 Liseicki,32320,-5.8,
846 Liseicki,32340,-6.5,
846 Liseicki,32360,-7.1,
846 Liseicki,32380,-7.6,
846 Liseicki,32400,-8.0,
846 Liseicki,32420,-8.3,
846 Liseicki,32440,-8.5,
846 Liseicki,32460,-8.6,
846 Liseicki,32480,-8.7,
846 Liseicki,32500,-8.8,
846 Liseicki,32520,-9.0,
846 Liseicki,32540,-9.1,
846 Liseicki,32560,-9.4,
846 Liseicki,32580,-9.8,
846 Liseicki,32600,-10.3,
846 Liseicki,32620,-10.8,
846 Liseicki,32640,-11.5,
846 Liseicki,32660,-12.3,
846 Liseicki,32680,-13.1,
846 Liseicki,32700,-13.9,
846 Liseicki,32720,-14.7,
846 Liseicki,32740,-15.4,
846 Liseicki,32760,-16.0,
846 Liseicki,32780,-16.5,
846 Liseicki,32800,-16.7,
846 Liseicki,32820,-16.8,
846 Liseicki,32840,-16.7,
846 Liseicki,32860,-16.4,
846 Liseicki,32880,-16.0,
846 Liseicki,32900,-15.5,
846 Liseicki,32920,-14.9,
846 Liseicki,32940,-14.3,
846 Liseicki,32960,-13.7,
846 Liseicki,32980,-13.3,
846 Liseicki,33000,-13.0,
846 Liseicki,33020,-12.8,
846 Liseicki,33040,-12.9,
846 Liseicki,33060,-13.1,
846 Liseicki,33080,-13.6,
846 Liseicki,33100,-14.2,
846 Liseicki,33120,-15.0,
846 Liseicki,33140,-15.8,
846 Liseicki,33160,-16.7,
846 Liseicki,33180,-17.5,
846 Liseicki,33200,-18.3,
846 Liseicki,33220,-19.0,
846 Liseicki,33240,-19.6,
846 Liseicki,33260,-20.0,
846 Liseicki,33280,-20.3,
846 Liseicki,33300,-20.5,
846 Liseicki,33320,-20.6,
846 Liseicki,33340,-20.7,
846 Liseicki,33360,-20.8,
846 Liseicki,33380,-21.0,
846 Liseicki,33400,-21.1,
846 Liseicki,33420,-21.3,
846 Liseicki,33440,-21.4,
846 Liseicki,33460,-21.5,
846 Liseicki,33480,-21.3,
846 Liseicki,33500,-20.9,
846 Liseicki,33520,-20.1,
846 Liseicki,33540,-18.9,
846 Liseicki,33560,-17.2,
846 Liseicki,33580,-15.0,
846 Liseicki,33600,-12.3,
846 Liseicki,33620,-9.2,
846 Liseicki,33640,-5.8,
846 Liseicki,33660,-2.1,
846 Liseicki,33680,1.7,
846 Liseicki,33700,5.6,
846 Liseicki,33720,9.3,
846 Liseicki,33740,12.9,
846 Liseicki,33760,16.3,
846 Liseicki,33780,19.4,
846 Liseicki,33800,22.4,
846 Liseicki,33820,25.2,
846 Liseicki,33840,27.8,
846 Liseicki,33860,30.3,
846 Liseicki,33880,32.6,
846 Liseicki,33900,34.9,
846 Liseicki,33920,37.0,
846 Liseicki,33940,39.0,
846 Liseicki,33960,40.8,
846 Liseicki,33980,42.3,
846 Liseicki,34000,43.7,
846 Liseicki,34020,44.7,
846 Liseicki,34040,45.5,
846 Liseicki,34060,46.0,
846 Liseicki,34080,46.2,
846 Liseicki,34100,46.1,
846 Liseicki,34120,45.8,
846 Liseicki,34140,45.4,
846 Liseicki,34160,44.8,
846 Liseicki,34180,44.3,
846 Liseicki,34200,43.8,
846 Liseicki,34220,43.5,
846 Liseicki,34240,43.4,
846 Liseicki,34260,43.5,
846 Liseicki,34280,43.8,
846 Liseicki,34300,44.3,
846 Liseicki,34320,44.9,
846 Liseicki,34340,45.6,
846 Liseicki,34360,46.2,
846 Liseicki,34380,46.8,
846 Liseicki,34400,47.2,
846 Liseicki,34420,47.5,
846 Liseicki,34440,47.7,
846 Liseicki,34460,47.7,
846 Liseicki,34480,47.6,
846 Liseicki,34500,47.3,
846 Liseicki,34520,46.9,
846 Liseicki,34540,46.4,
846 Liseicki,34560,45.7,
846 Liseicki,34580,44.9,
846 Liseicki,34600,44.2,
846 Liseicki,34620,43.4,
846 Liseicki,34640,42.7,
846 Liseicki,34660,42.1,
846 Liseicki,34680,41.7,
846 Liseicki,34700,41.4,
846 Liseicki,34720,41.4,
846 Liseicki,34740,41.5,
846 Liseicki,34760,41.8,
846 Liseicki,34780,42.2,
846 Liseicki,34800,42.6,
846 Liseicki,34820,43.1,
846 Liseicki,34840,43.7,
846 Liseicki,34860,44.1,
846 Liseicki,34880,44.6,
846 Liseicki,34900,44.9,
846 Liseicki,34920,45.2,
846 Liseicki,34940,45.3,
846 Liseicki,34960,45.4,
846 Liseicki,34980,45.4,
846 Liseicki,35000,45.4,
846 Liseicki,35020,45.4,
846 Liseicki,35040,45.3,
846 Liseicki,35060,45.2,
846 Liseicki,35080,45.2,
846 Liseicki,35100,45.1,
846 Liseicki,35120,45.1,
846 Liseicki,35140,45.1,
846 Liseicki,35160,45.1,
846 Liseicki,35180,45.1,
846 Liseicki,35200,45.1,
846 Liseicki,35220,45.0,
846 Liseicki,35240,45.0,
846 Liseicki,35260,44.9,
846 Liseicki,35280,44.8,
846 Liseicki,35300,44.6,
846 Liseicki,35320,44.4,
846 Liseicki,35340,44.2,
846 Liseicki,35360,43.9,
846 Liseicki,35380,43.6,
846 Liseicki,35400,43.2,
846 Liseicki,35420,42.7,
846 Liseicki,35440,42.1,
846 Liseicki,35460,41.5,
846 Liseicki,35480,40.8,
846 Liseicki,35500,40.1,
846 Liseicki,35520,39.4,
846 Liseicki,35540,38.7,
846 Liseicki,35560,37.9,
846 Liseicki,35580,37.2,
846 Liseicki,35600,36.5,
846 Liseicki,35620,35.8,
846 Liseicki,35640,35.1,
846 Liseicki,35660,34.4,
846 Liseicki,35680,33.8,
846 Liseicki,35700,33.2,
846 Liseicki,35720,32.7,
846 Liseicki,35740,32.2,
846 Liseicki,35760,31.8,
846 Liseicki,35780,31.5,
846 Liseicki,35800,31.4,
846 Liseicki,35820,31.3,
846 Liseicki,35840,31.5,
846 Liseicki,35860,31.8,
846 Liseicki,35880,32.2,
846 Liseicki,35900,32.7,
846 Liseicki,35920,33.3,
846 Liseicki,35940,33.9,
846 Liseicki,35960,34.5,
846 Liseicki,35980,35.1,
846 Liseicki,36000,35.5,
846 Liseicki,36020,35.8,
846 Liseicki,36040,35.8,
846 Liseicki,36060,35.7,
846 Liseicki,36080,35.4,
846 Liseicki,36100,34.9,
846 Liseicki,36120,34.2,
846 Liseicki,36140,33.4,
846 Liseicki,36160,32.6,
846 Liseicki,36180,31.7,
846 Liseicki,36200,30.7,
846 Liseicki,36220,29.8,
846 Liseicki,36240,29.0,
846 Liseicki,36260,28.1,
846 Liseicki,36280,27.4,
846 Liseicki,36300,26.7,
846 Liseicki,36320,26.0,
846 Liseicki,36340,25.5,
846 Liseicki,36360,25.0,
846 Liseicki,36380,24.6,
846 Liseicki,36400,24.2,
846 Liseicki,36420,23.9,
846 Liseicki,36440,23.6,
846 Liseicki,36460,23.4,
846 Liseicki,36480,23.2,
846 Liseicki,36500,23.1,
846 Liseicki,36520,22.9,
846 Liseicki,36540,22.9,
846 Liseicki,36560,22.8,
846 Liseicki,36580,22.7,
846 Liseicki,36600,22.6,
846 Liseicki,36620,22.6,
846 Liseicki,36640,22.5,
846 Liseicki,36660,22.4,
846 Liseicki,36680,22.4,
846 Liseicki,36700,22.3,
846 Liseicki,36720,22.3,
846 Liseicki,36740,22.2,
846 Liseicki,36760,22.2,
846 Liseicki,36780,22.2,
846 Liseicki,36800,22.2,
846 Liseicki,36820,22.1,
846 Liseicki,36840,22.1,
846 Liseicki,36860,22.1,
846 Liseicki,36880,22.1,
846 Liseicki,36900,22.1,
846 Liseicki,36920,22.1,
846 Liseicki,36940,22.1,
846 Liseicki,36960,22.0,
846 Liseicki,36980,22.0,
846 Liseicki,37000,21.9,
846 Liseicki,37020,21.9,
846 Liseicki,37040,21.9,
846 Liseicki,37060,22.1,
846 Liseicki,37080,22.3,
846 Liseicki,37100,22.6,
846 Liseicki,37120,23.0,
846 Liseicki,37140,23.5,
846 Liseicki,37160,24.1,
846 Liseicki,37180,24.7,
846 Liseicki,37200,25.3,
846 Liseicki,37220,25.9,
846 Liseicki,37240,26.4,
846 Liseicki,37260,26.7,
846 Liseicki,37280,26.9,
846 Liseicki,37300,26.9,
846 Liseicki,37320,26.7,
846 Liseicki,37340,26.5,
846 Liseicki,37360,26.2,
846 Liseicki,37380,25.9,
846 Liseicki,37400,25.6,
846 Liseicki,37420,25.4,
846 Liseicki,37440,25.4,
846 Liseicki,37460,25.5,
846 Liseicki,37480,25.7,
846 Liseicki,37500,26.0,
846 Liseicki,37520,26.5,
846 Liseicki,37540,26.9,
846 Liseicki,37560,27.4,
846 Liseicki,37580,27.8,
846 Liseicki,37600,28.0,
846 Liseicki,37620,28.2,
846 Liseicki,37640,28.3,
846 Liseicki,37660,28.2,
846 Liseicki,37680,28.1,
846 Liseicki,37700,27.9,
846 Liseicki,37720,27.6,
846 Liseicki,37740,27.3,
846 Liseicki,37760,27.0,
846 Liseicki,37780,26.7,
846 Liseicki,37800,26.3,
846 Liseicki,37820,25.9,
846 Liseicki,37840,25.5,
846 Liseicki,37860,25.0,
846 Liseicki,37880,24.4,
846 Liseicki,37900,23.8,
846 Liseicki,37920,23.1,
846 Liseicki,37940,22.4,
846 Liseicki,37960,21.7,
846 Liseicki,37980,21.1,
846 Liseicki,38000,20.6,
846 Liseicki,38020,20.4,
846 Liseicki,38040,20.4,
846 Liseicki,38060,20.7,
846 Liseicki,38080,21.3,
846 Liseicki,38100,22.3,
846 Liseicki,38120,23.5,
846 Liseicki,38140,24.9,
846 Liseicki,38160,26.3,
846 Liseicki,38180,27.9,
846 Liseicki,38200,29.3,
846 Liseicki,38220,30.6,
846 Liseicki,38240,31.8,
846 Liseicki,38260,32.7,
846 Liseicki,38280,33.4,
846 Liseicki,38300,33.8,
846 Liseicki,38320,34.0,
846 Liseicki,38340,34.0,
846 Liseicki,38360,33.7,
846 Liseicki,38380,33.3,
846 Liseicki,38400,32.7,
846 Liseicki,38420,32.0,
846 Liseicki,38440,31.4,
846 Liseicki,38460,30.8,
846 Liseicki,38480,30.3,
846 Liseicki,38500,30.1,
846 Liseicki,38520,30.0,
846 Liseicki,38540,30.2,
846 Liseicki,38560,30.6,
846 Liseicki,38580,31.1,
846 Liseicki,38600,31.7,
846 Liseicki,38620,32.3,
846 Liseicki,38640,32.8,
846 Liseicki,38660,33.3,
846 Liseicki,38680,33.7,
846 Liseicki,38700,34.0,
846 Liseicki,38720,34.2,
846 Liseicki,38740,34.4,
846 Liseicki,38760,34.5,
846 Liseicki,38780,34.6,
846 Liseicki,38800,34.7,
846 Liseicki,38820,34.8,
846 Liseicki,38840,34.9,
846 Liseicki,38860,35.0,
846 Liseicki,38880,35.0,
846 Liseicki,38900,35.0,
846 Liseicki,38920,34.9,
846 Liseicki,38940,34.6,
846 Liseicki,38960,34.3,
846 Liseicki,38980,34.0,
846 Liseicki,39000,33.6,
846 Liseicki,39020,33.2,
846 Liseicki,39040,32.8,
846 Liseicki,39060,32.5,
846 Liseicki,39080,32.2,
846 Liseicki,39100,32.1,
846 Liseicki,39120,32.1,
846 Liseicki,39140,32.3,
846 Liseicki,39160,32.6,
846 Liseicki,39180,33.1,
846 Liseicki,39200,33.6,
846 Liseicki,39220,34.2,
846 Liseicki,39240,35.0,
846 Liseicki,39260,35.7,
846 Liseicki,39280,36.5,
846 Liseicki,39300,37.2,
846 Liseicki,39320,37.9,
846 Liseicki,39340,38.6,
846 Liseicki,39360,39.2,
846 Liseicki,39380,39.7,
846 Liseicki,39400,40.1,
846 Liseicki,39420,40.4,
846 Liseicki,39440,40.5,
846 Liseicki,39460,40.5,
846 Liseicki,39480,40.3,
846 Liseicki,39500,40.0,
846 Liseicki,39520,39.6,
846 Liseicki,39540,39.2,
846 Liseicki,39560,38.7,
846 Liseicki,39580,38.2,
846 Liseicki,39600,37.8,
846 Liseicki,39620,37.5,
846 Liseicki,39640,37.4,
846 Liseicki,39660,37.5,
846 Liseicki,39680,37.9,
846 Liseicki,39700,38.5,
846 Liseicki,39720,39.5,
846 Liseicki,39740,40.7,
846 Liseicki,39760,42.2,
846 Liseicki,39780,43.9,
846 Liseicki,39800,45.6,
846 Liseicki,39820,47.4,
846 Liseicki,39840,49.2,
846 Liseicki,39860,50.8,
846 Liseicki,39880,52.2,
846 Liseicki,39900,53.4,
846 Liseicki,39920,54.4,
846 Liseicki,39940,55.1,
846 Liseicki,39960,55.7,
846 Liseicki,39980,56.1,
846 Liseicki,40000,56.4,
846 Liseicki,40020,56.6,
846 Liseicki,40040,56.7,
846 Liseicki,40060,56.7,
846 Liseicki,40080,56.7,
846 Liseicki,40100,56.7,
846 Liseicki,40120,56.6,
846 Liseicki,40140,56.5,
846 Liseicki,40160,56.4,
846 Liseicki,40180,56.3,
846 Liseicki,40200,56.2,
846 Liseicki,40220,56.0,
846 Liseicki,40240,55.8,
846 Liseicki,40260,55.6,
846 Liseicki,40280,55.3,
846 Liseicki,40300,54.8,
846 Liseicki,40320,54.2,
846 Liseicki,40340,53.4,
846 Liseicki,40360,52.3,
846 Liseicki,40380,51.0,
846 Liseicki,40400,49.3,
846 Liseicki,40420,47.4,
846 Liseicki,40440,45.1,
846 Liseicki,40460,42.6,
846 Liseicki,40480,39.8,
846 Liseicki,40500,37.0,
846 Liseicki,40520,34.1,
846 Liseicki,40540,31.3,
846 Liseicki,40560,28.6,
846 Liseicki,40580,26.1,
846 Liseicki,40600,23.9,
846 Liseicki,40620,21.9,
846 Liseicki,40640,20.1,
846 Liseicki,40660,18.6,
846 Liseicki,40680,17.3,
846 Liseicki,40700,16.2,
846 Liseicki,40720,15.4,
846 Liseicki,40740,14.9,
846 Liseicki,40760,14.6,
846 Liseicki,40780,14.6,
846 Liseicki,40800,14.8,
846 Liseicki,40820,15.2,
846 Liseicki,40840,15.8,
846 Liseicki,40860,16.6,
846 Liseicki,40880,17.4,
846 Liseicki,40900,18.3,
846 Liseicki,40920,19.0,
846 Liseicki,40940,19.7,
846 Liseicki,40960,20.2,
846 Liseicki,40980,20.7,
846 Liseicki,41000,21.0,
846 Liseicki,41020,21.2,
846 Liseicki,41040,21.4,
846 Liseicki,41060,21.5,
846 Liseicki,41080,21.7,
846 Liseicki,41100,21.9,
846 Liseicki,41120,22.2,
846 Liseicki,41140,22.6,
846 Liseicki,41160,23.0,
846 Liseicki,41180,23.5,
846 Liseicki,41200,24.0,
846 Liseicki,41220,24.5,
846 Liseicki,41240,24.9,
846 Liseicki,41260,25.2,
846 Liseicki,41280,25.5,
846 Liseicki,41300,25.7,
846 Liseicki,41320,25.8,
846 Liseicki,41340,25.8,
846 Liseicki,41360,25.8,
846 Liseicki,41380,25.7,
846 Liseicki,41400,25.7,
846 Liseicki,41420,25.8,
846 Liseicki,41440,26.0,
846 Liseicki,41460,26.2,
846 Liseicki,41480,26.5,
846 Liseicki,41500,26.9,
846 Liseicki,41520,27.3,
846 Liseicki,41540,27.8,
846 Liseicki,41560,28.3,
846 Liseicki,41580,28.8,
846 Liseicki,41600,29.3,
846 Liseicki,41620,29.9,
846 Liseicki,41640,30.4,
846 Liseicki,41660,30.9,
846 Liseicki,41680,31.3,
846 Liseicki,41700,31.8,
846 Liseicki,41720,32.2,
846 Liseicki,41740,32.6,
846 Liseicki,41760,32.9,
846 Liseicki,41780,33.2,
846 Liseicki,41800,33.5,
846 Liseicki,41820,33.7,
846 Liseicki,41840,33.8,
846 Liseicki,41860,33.9,
846 Liseicki,41880,34.0,
846 Liseicki,41900,34.0,
846 Liseicki,41920,33.9,
846 Liseicki,41940,33.8,
846 Liseicki,41960,33.6,
846 Liseicki,41980,33.4,
846 Liseicki,42000,33.2,
846 Liseicki,42020,33.1,
846 Liseicki,42040,33.0,
846 Liseicki,42060,33.0,
846 Liseicki,42080,33.2,
846 Liseicki,42100,33.5,
846 Liseicki,42120,33.9,
846 Liseicki,42140,34.4,
846 Liseicki,42160,34.9,
846 Liseicki,42180,35.5,
846 Liseicki,42200,36.0,
846 Liseicki,42220,36.4,
846 Liseicki,42240,36.6,
846 Liseicki,42260,36.8,
846 Liseicki,42280,36.8,
846 Liseicki,42300,36.8,
846 Liseicki,42320,36.7,
846 Liseicki,42340,36.5,
846 Liseicki,42360,36.4,
846 Liseicki,42380,36.4,
846 Liseicki,42400,36.4,
846 Liseicki,42420,36.6,
846 Liseicki,42440,36.8,
846 Liseicki,42460,37.1,
846 Liseicki,42480,37.4,
846 Liseicki,42500,37.6,
846 Liseicki,42520,37.8,
846 Liseicki,42540,37.9,
846 Liseicki,42560,37.9,
846 Liseicki,42580,37.7,
846 Liseicki,42600,37.3,
846 Liseicki,42620,36.7,
846 Liseicki,42640,36.0,
846 Liseicki,42660,35.1,
846 Liseicki,42680,34.0,
846 Liseicki,42700,32.8,
846 Liseicki,42720,31.5,
846 Liseicki,42740,30.1,
846 Liseicki,42760,28.8,
846 Liseicki,42780,27.6,
846 Liseicki,42800,26.5,
846 Liseicki,42820,25.7,
846 Liseicki,42840,25.1,
846 Liseicki,42860,24.9,
846 Liseicki,42880,24.9,
846 Liseicki,42900,25.3,
846 Liseicki,42920,26.0,
846 Liseicki,42940,26.8,
846 Liseicki,42960,27.8,
846 Liseicki,42980,28.8,
846 Liseicki,43000,29.8,
846 Liseicki,43020,30.6,
846 Liseicki,43040,31.4,
846 Liseicki,43060,32.0,
846 Liseicki,43080,32.5,
846 Liseicki,43100,32.8,
846 Liseicki,43120,33.0,
846 Liseicki,43140,33.1,
846 Liseicki,43160,33.1,
846 Liseicki,43180,33.0,
846 Liseicki,43200,32.8,
846 Liseicki,43220,32.7,
846 Liseicki,43240,32.4,
846 Liseicki,43260,32.2,
846 Liseicki,43280,31.9,
846 Liseicki,43300,31.6,
846 Liseicki,43320,31.4,
846 Liseicki,43340,31.1,
846 Liseicki,43360,30.8,
846 Liseicki,43380,30.6,
846 Liseicki,43400,30.3,
846 Liseicki,43420,30.0,
846 Liseicki,43440,29.6,
846 Liseicki,43460,29.2,
846 Liseicki,43480,28.8,
846 Liseicki,43500,28.4,
846 Liseicki,43520,28.0,
846 Liseicki,43540,27.8,
846 Liseicki,43560,27.7,
846 Liseicki,43580,27.7,
846 Liseicki,43600,27.9,
846 Liseicki,43620,28.2,
846 Liseicki,43640,28.6,
846 Liseicki,43660,29.1,
846 Liseicki,43680,29.7,
846 Liseicki,43700,30.3,
846 Liseicki,43720,30.9,
846 Liseicki,43740,31.5,
846 Liseicki,43760,32.1,
846 Liseicki,43780,32.7,
846 Liseicki,43800,33.3,
846 Liseicki,43820,33.9,
846 Liseicki,43840,34.4,
846 Liseicki,43860,35.0,
846 Liseicki,43880,35.5,
846 Liseicki,43900,35.9,
846 Liseicki,43920,36.3,
846 Liseicki,43940,36.5,
846 Liseicki,43960,36.7,
846 Liseicki,43980,36.8,
846 Liseicki,44000,36.7,
846 Liseicki,44020,36.5,
846 Liseicki,44040,36.2,
846 Liseicki,44060,35.8,
846 Liseicki,44080,35.3,
846 Liseicki,44100,34.7,
846 Liseicki,44120,34.1,
846 Liseicki,44140,33.4,
846 Liseicki,44160,32.8,
846 Liseicki,44180,32.2,
846 Liseicki,44200,31.6,
846 Liseicki,44220,31.0,
846 Liseicki,44240,30.4,
846 Liseicki,44260,29.9,
846 Liseicki,44280,29.5,
846 Liseicki,44300,29.1,
846 Liseicki,44320,28.8,
846 Liseicki,44340,28.7,
846 Liseicki,44360,28.7,
846 Liseicki,44380,28.9,
846 Liseicki,44400,29.2,
846 Liseicki,44420,29.7,
846 Liseicki,44440,30.3,
846 Liseicki,44460,31.0,
846 Liseicki,44480,31.8,
846 Liseicki,44500,32.6,
846 Liseicki,44520,33.4,
846 Liseicki,44540,34.1,
846 Liseicki,44560,34.7,
846 Liseicki,44580,35.2,
846 Liseicki,44600,35.5,
846 Liseicki,44620,35.8,
846 Liseicki,44640,35.9,
846 Liseicki,44660,35.9,
846 Liseicki,44680,35.8,
846 Liseicki,44700,35.6,
846 Liseicki,44720,35.4,
846 Liseicki,44740,35.1,
846 Liseicki,44760,34.9,
846 Liseicki,44780,34.7,
846 Liseicki,44800,34.5,
846 Liseicki,44820,34.4,
846 Liseicki,44840,34.3,
846 Liseicki,44860,34.3,
846 Liseicki,44880,34.4,
846 Liseicki,44900,34.5,
846 Liseicki,44920,34.6,
846 Liseicki,44940,34.8,
846 Liseicki,44960,35.0,
846 Liseicki,44980,35.2,
846 Liseicki,45000,35.5,
846 Liseicki,45020,35.9,
846 Liseicki,45040,36.3,
846 Liseicki,45060,36.7,
846 Liseicki,45080,37.2,
846 Liseicki,45100,37.6,
846 Liseicki,45120,38.0,
846 Liseicki,45140,38.3,
846 Liseicki,45160,38.4,
846 Liseicki,45180,38.3,
846 Liseicki,45200,37.9,
846 Liseicki,45220,37.3,
846 Liseicki,45240,36.4,
846 Liseicki,45260,35.2,
846 Liseicki,45280,33.9,
846 Liseicki,45300,32.6,
846 Liseicki,45320,31.2,
846 Liseicki,45340,29.9,
846 Liseicki,45360,28.8,
846 Liseicki,45380,27.8,
846 Liseicki,45400,27.2,
846 Liseicki,45420,26.8,
846 Liseicki,45440,26.6,
846 Liseicki,45460,26.6,
846 Liseicki,45480,26.9,
846 Liseicki,45500,27.2,
846 Liseicki,45520,27.7,
846 Liseicki,45540,28.3,
846 Liseicki,45560,28.8,
846 Liseicki,45580,29.4,
846 Liseicki,45600,30.0,
846 Liseicki,45620,30.6,
846 Liseicki,45640,31.2,
846 Liseicki,45660,31.7,
846 Liseicki,45680,32.1,
846 Liseicki,45700,32.5,
846 Liseicki,45720,32.9,
846 Liseicki,45740,33.2,
846 Liseicki,45760,33.5,
846 Liseicki,45780,33.7,
846 Liseicki,45800,33.9,
846 Liseicki,45820,34.2,
846 Liseicki,45840,34.3,
846 Liseicki,45860,34.5,
846 Liseicki,45880,34.7,
846 Liseicki,45900,34.8,
846 Liseicki,45920,34.8,
846 Liseicki,45940,34.8,
846 Liseicki,45960,34.7,
846 Liseicki,45980,34.6,
846 Liseicki,46000,34.4,
846 Liseicki,46020,34.2,
846 Liseicki,46040,33.9,
846 Liseicki,46060,33.8,
846 Liseicki,46080,33.6,
846 Liseicki,46100,33.6,
846 Liseicki,46120,33.7,
846 Liseicki,46140,33.8,
846 Liseicki,46160,34.1,
846 Liseicki,46180,34.4,
846 Liseicki,46200,34.8,
846 Liseicki,46220,35.3,
846 Liseicki,46240,35.7,
846 Liseicki,46260,36.2,
846 Liseicki,46280,36.6,
846 Liseicki,46300,37.0,
846 Liseicki,46320,37.4,
846 Liseicki,46340,37.6,
846 Liseicki,46360,37.8,
846 Liseicki,46380,38.0,
846 Liseicki,46400,38.1,
846 Liseicki,46420,38.1,
846 Liseicki,46440,38.0,
846 Liseicki,46460,38.0,
846 Liseicki,46480,37.9,
846 Liseicki,46500,37.8,
846 Liseicki,46520,37.8,
846 Liseicki,46540,37.8,
846 Liseicki,46560,37.9,
846 Liseicki,46580,38.1,
846 Liseicki,46600,38.4,
846 Liseicki,46620,38.8,
846 Liseicki,46640,39.1,
846 Liseicki,46660,39.4,
846 Liseicki,46680,39.5,
846 Liseicki,46700,39.5,
846 Liseicki,46720,39.2,
846 Liseicki,46740,38.7,
846 Liseicki,46760,38.0,
846 Liseicki,46780,37.0,
846 Liseicki,46800,36.0,
846 Liseicki,46820,34.9,
846 Liseicki,46840,33.9,
846 Liseicki,46860,33.1,
846 Liseicki,46880,32.6,
1338 Drury,46900,32.4,
1338 Drury,46920,32.5,
1338 Drury,46940,33.0,
1338 Drury,46960,33.8,
1338 Drury,46980,35.0,
1338 Drury,47000,36.3,
1338 Drury,47020,37.9,
1338 Drury,47040,39.5,
1338 Drury,47060,41.2,
1338 Drury,47080,42.9,
1338 Drury,47100,44.4,
1338 Drury,47120,45.8,
1338 Drury,47140,47.0,
1338 Drury,47160,47.9,
1338 Drury,47180,48.5,
1338 Drury,47200,48.7,
1338 Drury,47220,48.6,
1338 Drury,47240,48.2,
1338 Drury,47260,47.5,
1338 Drury,47280,46.5,
1338 Drury,47300,45.3,
1338 Drury,47320,44.0,
1338 Drury,47340,42.8,
1338 Drury,47360,41.6,
1338 Drury,47380,40.5,
1338 Drury,47400,39.7,
1338 Drury,47420,39.1,
1338 Drury,47440,38.7,
1338 Drury,47460,38.6,
1338 Drury,47480,38.7,
1338 Drury,47500,38.9,
1338 Drury,47520,39.2,
1338 Drury,47540,39.5,
1338 Drury,47560,39.8,
1338 Drury,47580,40.1,
1338 Drury,47600,40.3,
1338 Drury,47620,40.4,
1338 Drury,47640,40.4,
1338 Drury,47660,40.4,
1338 Drury,47680,40.5,
1338 Drury,47700,40.5,
1338 Drury,47720,40.6,
1338 Drury,47740,40.7,
1338 Drury,47760,41.0,
1338 Drury,47780,41.3,
1338 Drury,47800,41.8,
1338 Drury,47820,42.4,
1338 Drury,47840,43.1,
1338 Drury,47860,43.9,
1338 Drury,47880,44.8,
1338 Drury,47900,45.9,
1338 Drury,47920,47.0,
1338 Drury,47940,48.1,
1338 Drury,47960,49.3,
1338 Drury,47980,50.5,
1338 Drury,48000,51.6,
1338 Drury,48020,52.7,
1338 Drury,48040,53.6,
1338 Drury,48060,54.5,
1338 Drury,48080,55.3,
1338 Drury,48100,56.0,
1338 Drury,48120,56.7,
1338 Drury,48140,57.4,
1338 Drury,48160,58.2,
1338 Drury,48180,59.2,
1338 Drury,48200,60.2,
1338 Drury,48220,61.3,
1338 Drury,48240,62.5,
1338 Drury,48260,63.8,
1338 Drury,48280,64.9,
1338 Drury,48300,66.0,
1338 Drury,48320,66.9,
1338 Drury,48340,67.6,
1338 Drury,48360,68.0,
1338 Drury,48380,68.3,
1338 Drury,48400,68.3,
1338 Drury,48420,68.2,
1338 Drury,48440,68.0,
1338 Drury,48460,67.8,
1338 Drury,48480,67.7,
1338 Drury,48500,67.5,
1338 Drury,48520,67.5,
1338 Drury,48540,67.4,
1338 Drury,48560,67.4,
1338 Drury,48580,67.4,
1338 Drury,48600,67.4,
1338 Drury,48620,67.2,
1338 Drury,48640,67.0,
1338 Drury,48660,66.7,
1338 Drury,48680,66.2,
1338 Drury,48700,65.7,
1338 Drury,48720,65.2,
1338 Drury,48740,64.5,
1338 Drury,48760,63.8,
1338 Drury,48780,63.0,
1338 Drury,48800,62.1,
1338 Drury,48820,61.1,
1338 Drury,48840,59.9,
1338 Drury,48860,58.6,
1338 Drury,48880,57.3,
1338 Drury,48900,55.9,
1338 Drury,48920,54.5,
1338 Drury,48940,53.1,
1338 Drury,48960,51.9,
1338 Drury,48980,50.8,
1338 Drury,49000,49.9,
1338 Drury,49020,49.2,
1338 Drury,49040,48.7,
1338 Drury,49060,48.5,
1338 Drury,49080,48.6,
1338 Drury,49100,48.9,
1338 Drury,49120,49.6,
1338 Drury,49140,50.5,
1338 Drury,49160,51.8,
1338 Drury,49180,53.2,
1338 Drury,49200,54.8,
1338 Drury,49220,56.5,
1338 Drury,49240,58.2,
1338 Drury,49260,59.8,
1338 Drury,49280,61.3,
1338 Drury,49300,62.6,
1338 Drury,49320,63.8,
1338 Drury,49340,64.9,
1338 Drury,49360,66.0,
1338 Drury,49380,67.0,
1338 Drury,49400,68.0,
1338 Drury,49420,69.0,
1338 Drury,49440,70.0,
1338 Drury,49460,71.0,
1338 Drury,49480,72.0,
1338 Drury,49500,73.0,
1338 Drury,49520,73.9,
1338 Drury,49540,74.7,
1338 Drury,49560,75.4,
1338 Drury,49580,76.0,
1338 Drury,49600,76.5,
1338 Drury,49620,76.9,
1338 Drury,49640,77.2,
1338 Drury,49660,77.3,
1338 Drury,49680,77.3,
1338 Drury,49700,77.1,
1338 Drury,49720,76.7,
1338 Drury,49740,76.0,
1338 Drury,49760,75.1,
1338 Drury,49780,74.0,
1338 Drury,49800,72.7,
1338 Drury,49820,71.3,
1338 Drury,49840,69.9,
1338 Drury,49860,68.4,
1338 Drury,49880,66.9,
1338 Drury,49900,65.5,
1338 Drury,49920,64.1,
1338 Drury,49940,62.8,
1338 Drury,49960,61.5,
1338 Drury,49980,60.3,
1338 Drury,50000,59.1,
1338 Drury,50020,58.0,
1338 Drury,50040,56.9,
1338 Drury,50060,55.8,
1338 Drury,50080,54.7,
1338 Drury,50100,53.6,
1338 Drury,50120,52.5,
1338 Drury,50140,51.4,
1338 Drury,50160,50.2,
1338 Drury,50180,49.1,
1338 Drury,50200,48.0,
1338 Drury,50220,47.0,
1338 Drury,50240,46.1,
1338 Drury,50260,45.2,
1338 Drury,50280,44.4,
1338 Drury,50300,43.7,
1338 Drury,50320,43.2,
1338 Drury,50340,42.7,
1338 Drury,50360,42.3,
1338 Drury,50380,42.0,
1338 Drury,50400,41.8,
1338 Drury,50420,41.6,
1338 Drury,50440,41.4,
1338 Drury,50460,41.2,
1338 Drury,50480,41.1,
1338 Drury,50500,40.9,
1338 Drury,50520,40.8,
1338 Drury,50540,40.6,
1338 Drury,50560,40.4,
1338 Drury,50580,40.2,
1338 Drury,50600,40.0,
1338 Drury,50620,39.8,
1338 Drury,50640,39.6,
1338 Drury,50660,39.6,
1338 Drury,50680,39.7,
1338 Drury,50700,39.9,
1338 Drury,50720,40.3,
1338 Drury,50740,40.9,
1338 Drury,50760,41.7,
1338 Drury,50780,42.7,
1338 Drury,50800,43.9,
1338 Drury,50820,45.1,
1338 Drury,50840,46.4,
1338 Drury,50860,47.7,
1338 Drury,50880,49.0,
1338 Drury,50900,50.2,
1338 Drury,50920,51.2,
1338 Drury,50940,51.9,
1338 Drury,50960,52.4,
1338 Drury,50980,52.6,
1338 Drury,51000,52.6,
1338 Drury,51020,52.4,
1338 Drury,51040,52.0,
1338 Drury,51060,51.7,
1338 Drury,51080,51.5,
1338 Drury,51100,51.6,
1338 Drury,51120,52.0,
1338 Drury,51140,52.8,
1338 Drury,51160,54.0,
1338 Drury,51180,55.6,
1338 Drury,51200,57.4,
1338 Drury,51220,59.4,
1338 Drury,51240,61.4,
1338 Drury,51260,63.2,
1338 Drury,51280,64.9,
1338 Drury,51300,66.3,
1338 Drury,51320,67.4,
1338 Drury,51340,68.1,
1338 Drury,51360,68.4,
1338 Drury,51380,68.4,
1338 Drury,51400,68.1,
1338 Drury,51420,67.5,
1338 Drury,51440,66.7,
1338 Drury,51460,65.7,
1338 Drury,51480,64.7,
1338 Drury,51500,63.8,
1338 Drury,51520,63.0,
1338 Drury,51540,62.4,
1338 Drury,51560,62.0,
1338 Drury,51580,61.8,
1338 Drury,51600,61.8,
1338 Drury,51620,61.9,
1338 Drury,51640,62.1,
1338 Drury,51660,62.3,
1338 Drury,51680,62.4,
1338 Drury,51700,62.3,
1338 Drury,51720,62.1,
1338 Drury,51740,61.6,
1338 Drury,51760,60.9,
1338 Drury,51780,60.0,
1338 Drury,51800,59.0,
1338 Drury,51820,57.7,
1338 Drury,51840,56.4,
1338 Drury,51860,55.0,
1338 Drury,51880,53.6,
1338 Drury,51900,52.1,
1338 Drury,51920,50.6,
1338 Drury,51940,49.1,
1338 Drury,51960,47.7,
1338 Drury,51980,46.4,
1338 Drury,52000,45.2,
1338 Drury,52020,44.2,
1338 Drury,52040,43.4,
1338 Drury,52060,42.9,
1338 Drury,52080,42.5,
1338 Drury,52100,42.3,
1338 Drury,52120,42.3,
1338 Drury,52140,42.4,
1338 Drury,52160,42.7,
1338 Drury,52180,43.0,
1338 Drury,52200,43.3,
1338 Drury,52220,43.7,
1338 Drury,52240,44.0,
1338 Drury,52260,44.4,
1338 Drury,52280,44.8,
1338 Drury,52300,45.0,
1338 Drury,52320,45.2,
1338 Drury,52340,45.3,
1338 Drury,52360,45.2,
1338 Drury,52380,44.9,
1338 Drury,52400,44.4,
1338 Drury,52420,43.7,
1338 Drury,52440,42.6,
1338 Drury,52460,41.4,
1338 Drury,52480,39.9,
1338 Drury,52500,38.3,
1338 Drury,52520,36.6,
1338 Drury,52540,34.8,
1338 Drury,52560,33.0,
1338 Drury,52580,31.3,
1338 Drury,52600,29.6,
1338 Drury,52620,28.1,
1338 Drury,52640,26.8,
1338 Drury,52660,25.6,
1338 Drury,52680,24.5,
1338 Drury,52700,23.6,
1338 Drury,52720,22.9,
1338 Drury,52740,22.5,
1338 Drury,52760,22.5,
1338 Drury,52780,22.9,
1338 Drury,52800,23.8,
1338 Drury,52820,25.2,
1338 Drury,52840,27.2,
1338 Drury,52860,29.8,
1338 Drury,52880,32.9,
1338 Drury,52900,36.3,
1338 Drury,52920,39.9,
1338 Drury,52940,43.6,
1338 Drury,52960,47.2,
1338 Drury,52980,50.6,
1338 Drury,53000,53.7,
1338 Drury,53020,56.5,
1338 Drury,53040,58.9,
1338 Drury,53060,60.9,
1338 Drury,53080,62.5,
1338 Drury,53100,63.8,
1338 Drury,53120,64.8,
1338 Drury,53140,65.5,
1338 Drury,53160,66.0,
1338 Drury,53180,66.2,
1338 Drury,53200,66.3,
1338 Drury,53220,66.2,
1338 Drury,53240,65.9,
1338 Drury,53260,65.5,
1338 Drury,53280,64.9,
1338 Drury,53300,64.2,
1338 Drury,53320,63.2,
1338 Drury,53340,62.1,
1338 Drury,53360,60.8,
1338 Drury,53380,59.3,
1338 Drury,53400,57.7,
1338 Drury,53420,56.0,
1338 Drury,53440,54.3,
1338 Drury,53460,52.6,
1338 Drury,53480,50.9,
1338 Drury,53500,49.3,
1338 Drury,53520,47.7,
1338 Drury,53540,46.1,
1338 Drury,53560,44.5,
1338 Drury,53580,43.0,
1338 Drury,53600,41.5,
1338 Drury,53620,40.1,
1338 Drury,53640,38.9,
1338 Drury,53660,37.8,
1338 Drury,53680,36.9,
1338 Drury,53700,36.3,
1338 Drury,53720,35.9,
1338 Drury,53740,35.8,
1338 Drury,53760,35.8,
1338 Drury,53780,36.0,
1338 Drury,53800,36.3,
1338 Drury,53820,36.6,
1338 Drury,53840,36.9,
1338 Drury,53860,37.0,
1338 Drury,53880,36.9,
1338 Drury,53900,36.7,
1338 Drury,53920,36.2,
1338 Drury,53940,35.6,
1338 Drury,53960,34.8,
1338 Drury,53980,34.0,
1338 Drury,54000,33.1,
1338 Drury,54020,32.4,
1338 Drury,54040,31.7,
1338 Drury,54060,31.1,
1338 Drury,54080,30.6,
1338 Drury,54100,30.3,
1338 Drury,54120,30.1,
1338 Drury,54140,29.9,
1338 Drury,54160,29.8,
1338 Drury,54180,29.8,
1338 Drury,54200,29.7,
1338 Drury,54220,29.6,
1338 Drury,54240,29.5,
1338 Drury,54260,29.4,
1338 Drury,54280,29.3,
1338 Drury,54300,29.2,
1338 Drury,54320,29.1,
1338 Drury,54340,28.9,
1338 Drury,54360,28.8,
1338 Drury,54380,28.5,
1338 Drury,54400,28.2,
1338 Drury,54420,27.9,
1338 Drury,54440,27.4,
1338 Drury,54460,26.8,
1338 Drury,54480,26.1,
1338 Drury,54500,25.3,
1338 Drury,54520,24.5,
1338 Drury,54540,23.6,
1338 Drury,54560,22.8,
1338 Drury,54580,22.1,
1338 Drury,54600,21.5,
1338 Drury,54620,21.1,
1338 Drury,54640,20.9,
1338 Drury,54660,20.9,
1338 Drury,54680,21.0,
1338 Drury,54700,21.3,
1338 Drury,54720,21.7,
1338 Drury,54740,22.2,
1338 Drury,54760,22.7,
1338 Drury,54780,23.1,
1338 Drury,54800,23.5,
1338 Drury,54820,23.8,
1338 Drury,54840,24.1,
1338 Drury,54860,24.3,
1338 Drury,54880,24.5,
1338 Drury,54900,24.7,
1338 Drury,54920,24.8,
1338 Drury,54940,25.1,
1338 Drury,54960,25.4,
1338 Drury,54980,25.8,
1338 Drury,55000,26.3,
1338 Drury,55020,27.0,
1338 Drury,55040,27.7,
1338 Drury,55060,28.4,
1338 Drury,55080,29.2,
1338 Drury,55100,29.8,
1338 Drury,55120,30.4,
1338 Drury,55140,30.8,
1338 Drury,55160,31.0,
1338 Drury,55180,31.0,
1338 Drury,55200,30.9,
1338 Drury,55220,30.6,
1338 Drury,55240,30.1,
1338 Drury,55260,29.6,
1338 Drury,55280,28.9,
1338 Drury,55300,28.2,
1338 Drury,55320,27.4,
1338 Drury,55340,26.5,
1338 Drury,55360,25.5,
1338 Drury,55380,24.4,
1338 Drury,55400,23.3,
1338 Drury,55420,22.0,
1338 Drury,55440,20.6,
1338 Drury,55460,19.1,
1338 Drury,55480,17.4,
1338 Drury,55500,15.7,
1338 Drury,55520,13.9,
1338 Drury,55540,12.0,
1338 Drury,55560,10.0,
1338 Drury,55580,8.0,
1338 Drury,55600,6.0,
1338 Drury,55620,4.1,
1338 Drury,55640,2.3,
1338 Drury,55660,0.8,
1338 Drury,55680,-0.5,
1338 Drury,55700,-1.4,
1338 Drury,55720,-1.9,
1338 Drury,55740,-1.9,
1338 Drury,55760,-1.6,
1338 Drury,55780,-1.0,
1338 Drury,55800,-0.2,
1338 Drury,55820,0.7,
1338 Drury,55840,1.7,
1338 Drury,55860,2.5,
1338 Drury,55880,3.1,
1338 Drury,55900,3.5,
1338 Drury,55920,3.6,
1338 Drury,55940,3.6,
1338 Drury,55960,3.4,
1338 Drury,55980,3.2,
1338 Drury,56000,2.9,
1338 Drury,56020,2.7,
1338 Drury,56040,2.6,
1338 Drury,56060,2.6,
1338 Drury,56080,2.7,
1338 Drury,56100,2.8,
1338 Drury,56120,2.9,
1338 Drury,56140,3.1,
1338 Drury,56160,3.2,
1338 Drury,56180,3.3,
1338 Drury,56200,3.4,
1338 Drury,56220,3.4,
1338 Drury,56240,3.5,
1338 Drury,56260,3.6,
1338 Drury,56280,3.8,
1338 Drury,56300,4.1,
1338 Drury,56320,4.4,
1338 Drury,56340,4.9,
1338 Drury,56360,5.4,
1338 Drury,56380,6.0,
1338 Drury,56400,6.7,
1338 Drury,56420,7.4,
1338 Drury,56440,8.2,
1338 Drury,56460,9.0,
1338 Drury,56480,9.8,
1338 Drury,56500,10.7,
1338 Drury,56520,11.6,
1338 Drury,56540,12.5,
1338 Drury,56560,13.6,
1338 Drury,56580,14.8,
1338 Drury,56600,16.2,
1338 Drury,56620,17.7,
1338 Drury,56640,19.3,
1338 Drury,56660,21.0,
1338 Drury,56680,22.6,
1338 Drury,56700,24.2,
1338 Drury,56720,25.6,
1338 Drury,56740,26.8,
1338 Drury,56760,27.6,
1338 Drury,56780,28.1,
1338 Drury,56800,28.1,
1338 Drury,56820,27.8,
1338 Drury,56840,27.1,
1338 Drury,56860,26.1,
1338 Drury,56880,24.9,
1338 Drury,56900,23.5,
1338 Drury,56920,22.1,
1338 Drury,56940,20.7,
1338 Drury,56960,19.5,
1338 Drury,56980,18.6,
1338 Drury,57000,17.9,
1338 Drury,57020,17.4,
1338 Drury,57040,17.3,
1338 Drury,57060,17.5,
1338 Drury,57080,17.9,
1338 Drury,57100,18.5,
1338 Drury,57120,19.3,
1338 Drury,57140,20.2,
1338 Drury,57160,21.4,
1338 Drury,57180,22.6,
1338 Drury,57200,23.9,
1338 Drury,57220,25.3,
1338 Drury,57240,26.7,
1338 Drury,57260,28.0,
1338 Drury,57280,29.4,
1338 Drury,57300,30.6,
1338 Drury,57320,31.8,
1338 Drury,57340,32.8,
1338 Drury,57360,33.8,
1338 Drury,57380,34.7,
1338 Drury,57400,35.6,
1338 Drury,57420,36.5,
1338 Drury,57440,37.4,
1338 Drury,57460,38.4,
1338 Drury,57480,39.5,
1338 Drury,57500,40.7,
1338 Drury,57520,41.9,
1338 Drury,57540,43.2,
1338 Drury,57560,44.5,
1338 Drury,57580,45.6,
1338 Drury,57600,46.7,
1338 Drury,57620,47.7,
1338 Drury,57640,48.5,
1338 Drury,57660,49.0,
1338 Drury,57680,49.4,
1338 Drury,57700,49.6,
1338 Drury,57720,49.7,
1338 Drury,57740,49.6,
1338 Drury,57760,49.5,
1338 Drury,57780,49.4,
1338 Drury,57800,49.3,
1338 Drury,57820,49.4,
1338 Drury,57840,49.6,
1338 Drury,57860,50.0,
1338 Drury,57880,50.4,
1338 Drury,57900,51.0,
1338 Drury,57920,51.6,
1338 Drury,57940,52.1,
1338 Drury,57960,52.4,
1338 Drury,57980,52.4,
1338 Drury,58000,52.1,
1338 Drury,58020,51.4,
1338 Drury,58040,50.3,
1338 Drury,58060,48.8,
1338 Drury,58080,47.0,
1338 Drury,58100,44.9,
1338 Drury,58120,42.8,
1338 Drury,58140,40.6,
1338 Drury,58160,38.5,
1338 Drury,58180,36.7,
1338 Drury,58200,35.1,
1338 Drury,58220,33.9,
1338 Drury,58240,33.0,
1338 Drury,58260,32.5,
1338 Drury,58280,32.4,
1338 Drury,58300,32.5,
1338 Drury,58320,32.8,
1338 Drury,58340,33.3,
1338 Drury,58360,33.8,
1338 Drury,58380,34.2,
1338 Drury,58400,34.5,
1338 Drury,58420,34.6,
1338 Drury,58440,34.6,
1338 Drury,58460,34.3,
1338 Drury,58480,34.0,
1338 Drury,58500,33.5,
1338 Drury,58520,33.1,
1338 Drury,58540,32.7,
1338 Drury,58560,32.4,
1338 Drury,58580,32.2,
1338 Drury,58600,32.1,
1338 Drury,58620,32.2,
1338 Drury,58640,32.3,
1338 Drury,58660,32.6,
1338 Drury,58680,32.8,
1338 Drury,58700,33.1,
1338 Drury,58720,33.2,
1338 Drury,58740,33.3,
1338 Drury,58760,33.3,
1338 Drury,58780,33.1,
1338 Drury,58800,32.8,
1338 Drury,58820,32.5,
1338 Drury,58840,32.0,
1338 Drury,58860,31.4,
1338 Drury,58880,30.8,
1338 Drury,58900,30.2,
1338 Drury,58920,29.5,
1338 Drury,58940,28.9,
1338 Drury,58960,28.2,
1338 Drury,58980,27.6,
1338 Drury,59000,27.0,
1338 Drury,59020,26.6,
1338 Drury,59040,26.2,
1338 Drury,59060,26.1,
1338 Drury,59080,26.0,
1338 Drury,59100,26.2,
1338 Drury,59120,26.4,
1338 Drury,59140,26.8,
1338 Drury,59160,27.1,
1338 Drury,59180,27.5,
1338 Drury,59200,27.7,
1338 Drury,59220,27.9,
1338 Drury,59240,27.9,
1338 Drury,59260,27.7,
1338 Drury,59280,27.5,
1338 Drury,59300,27.2,
1338 Drury,59320,26.8,
1338 Drury,59340,26.3,
1338 Drury,59360,25.9,
1338 Drury,59380,25.4,
1338 Drury,59400,25.0,
1338 Drury,59420,24.5,
1338 Drury,59440,24.1,
1338 Drury,59460,23.6,
1338 Drury,59480,23.2,
1338 Drury,59500,22.7,
1338 Drury,59520,22.3,
1338 Drury,59540,21.8,
1338 Drury,59560,21.5,
1338 Drury,59580,21.2,
1338 Drury,59600,21.0,
1338 Drury,59620,20.8,
1338 Drury,59640,20.8,
1338 Drury,59660,20.8,
1338 Drury,59680,21.0,
1338 Drury,59700,21.2,
1338 Drury,59720,21.5,
1338 Drury,59740,21.8,
1338 Drury,59760,22.1,
1338 Drury,59780,22.4,
1338 Drury,59800,22.8,
1338 Drury,59820,23.1,
1338 Drury,59840,23.4,
1338 Drury,59860,23.8,
1338 Drury,59880,24.1,
1338 Drury,59900,24.4,
1338 Drury,59920,24.8,
1338 Drury,59940,25.1,
1338 Drury,59960,25.4,
1338 Drury,59980,25.7,
1338 Drury,60000,26.0,
1338 Drury,60020,26.3,
1338 Drury,60040,26.6,
1338 Drury,60060,26.8,
1338 Drury,60080,27.1,
1338 Drury,60100,27.4,
1338 Drury,60120,27.7,
1338 Drury,60140,28.0,
1338 Drury,60160,28.4,
1338 Drury,60180,28.8,
1338 Drury,60200,29.3,
1338 Drury,60220,29.9,
1338 Drury,60240,30.5,
1338 Drury,60260,31.2,
1338 Drury,60280,31.9,
1338 Drury,60300,32.6,
1338 Drury,60320,33.2,
1338 Drury,60340,33.8,
1338 Drury,60360,34.4,
1338 Drury,60380,34.9,
1338 Drury,60400,35.3,
1338 Drury,60420,35.6,
1338 Drury,60440,35.9,
1338 Drury,60460,36.2,
1338 Drury,60480,36.4,
1338 Drury,60500,36.6,
1338 Drury,60520,36.7,
1338 Drury,60540,36.8,
1338 Drury,60560,36.8,
1338 Drury,60580,36.8,
1338 Drury,60600,36.6,
1338 Drury,60620,36.4,
1338 Drury,60640,36.0,
1338 Drury,60660,35.6,
1338 Drury,60680,35.1,
1338 Drury,60700,34.6,
1338 Drury,60720,34.1,
1338 Drury,60740,33.5,
1338 Drury,60760,33.1,
1338 Drury,60780,32.7,
1338 Drury,60800,32.5,
1338 Drury,60820,32.3,
1338 Drury,60840,32.3,
1338 Drury,60860,32.4,
1338 Drury,60880,32.6,
1338 Drury,60900,33.0,
1338 Drury,60920,33.4,
1338 Drury,60940,34.0,
1338 Drury,60960,34.7,
1338 Drury,60980,35.5,
1338 Drury,61000,36.4,
1338 Drury,61020,37.3,
1338 Drury,61040,38.4,
1338 Drury,61060,39.5,
1338 Drury,61080,40.5,
1338 Drury,61100,41.6,
1338 Drury,61120,42.5,
1338 Drury,61140,43.4,
1338 Drury,61160,44.1,
1338 Drury,61180,44.7,
1338 Drury,61200,45.2,
1338 Drury,61220,45.6,
1338 Drury,61240,45.9,
1338 Drury,61260,46.1,
1338 Drury,61280,46.3,
1338 Drury,61300,46.4,
1338 Drury,61320,46.5,
1338 Drury,61340,46.6,
1338 Drury,61360,46.6,
1338 Drury,61380,46.5,
1338 Drury,61400,46.3,
1338 Drury,61420,46.1,
1338 Drury,61440,45.9,
1338 Drury,61460,45.7,
1338 Drury,61480,45.5,
1338 Drury,61500,45.3,
1338 Drury,61520,45.3,
1338 Drury,61540,45.3,
1338 Drury,61560,45.4,
1338 Drury,61580,45.6,
1338 Drury,61600,45.9,
1338 Drury,61620,46.1,
1338 Drury,61640,46.3,
1338 Drury,61660,46.4,
1338 Drury,61680,46.4,
1338 Drury,61700,46.2,
1338 Drury,61720,46.0,
1338 Drury,61740,45.5,
1338 Drury,61760,45.0,
1338 Drury,61780,44.5,
1338 Drury,61800,44.0,
1338 Drury,61820,43.5,
1338 Drury,61840,43.1,
1338 Drury,61860,42.8,
1338 Drury,61880,42.6,
1338 Drury,61900,42.6,
1338 Drury,61920,42.7,
1338 Drury,61940,42.8,
1338 Drury,61960,43.0,
1338 Drury,61980,43.2,
1338 Drury,62000,43.3,
1338 Drury,62020,43.3,
1338 Drury,62040,43.1,
1338 Drury,62060,42.8,
1338 Drury,62080,42.3,
1338 Drury,62100,41.6,
1338 Drury,62120,40.9,
1338 Drury,62140,40.1,
1338 Drury,62160,39.3,
1338 Drury,62180,38.6,
1338 Drury,62200,38.0,
1338 Drury,62220,37.6,
1338 Drury,62240,37.4,
1338 Drury,62260,37.4,
1338 Drury,62280,37.6,
1338 Drury,62300,38.0,
1338 Drury,62320,38.6,
1338 Drury,62340,39.2,
1338 Drury,62360,39.9,
1338 Drury,62380,40.7,
1338 Drury,62400,41.6,
1338 Drury,62420,42.4,
1338 Drury,62440,43.2,
1338 Drury,62460,44.0,
1338 Drury,62480,44.8,
1338 Drury,62500,45.5,
1338 Drury,62520,46.1,
1338 Drury,62540,46.7,
1338 Drury,62560,47.2,
1338 Drury,62580,47.7,
1338 Drury,62600,48.2,
1338 Drury,62620,48.6,
1338 Drury,62640,49.1,
1338 Drury,62660,49.6,
1338 Drury,62680,50.1,
1338 Drury,62700,50.7,
1338 Drury,62720,51.4,
1338 Drury,62740,52.1,
1338 Drury,62760,52.9,
1338 Drury,62780,53.7,
1338 Drury,62800,54.5,
1338 Drury,62820,55.3,
1338 Drury,62840,55.9,
1338 Drury,62860,56.5,
1338 Drury,62880,56.9,
1338 Drury,62900,57.2,
1338 Drury,62920,57.4,
1338 Drury,62940,57.4,
1338 Drury,62960,57.5,
1338 Drury,62980,57.5,
1338 Drury,63000,57.6,
1338 Drury,63020,57.7,
1338 Drury,63040,57.9,
1338 Drury,63060,58.2,
1338 Drury,63080,58.7,
1338 Drury,63100,59.2,
1338 Drury,63120,59.9,
1338 Drury,63140,60.7,
1338 Drury,63160,61.6,
1338 Drury,63180,62.5,
1338 Drury,63200,63.5,
1338 Drury,63220,64.5,
1338 Drury,63240,65.5,
1338 Drury,63260,66.4,
1338 Drury,63280,67.2,
1338 Drury,63300,67.9,
1338 Drury,63320,68.4,
1338 Drury,63340,68.8,
1338 Drury,63360,68.9,
1338 Drury,63380,69.0,
1338 Drury,63400,68.8,
1338 Drury,63420,68.6,
1338 Drury,63440,68.2,
1338 Drury,63460,67.8,
1338 Drury,63480,67.3,
1338 Drury,63500,66.8,
1338 Drury,63520,66.3,
1338 Drury,63540,65.8,
1338 Drury,63560,65.4,
1338 Drury,63580,65.1,
1338 Drury,63600,64.9,
1338 Drury,63620,64.8,
1338 Drury,63640,64.8,
1338 Drury,63660,64.9,
1338 Drury,63680,65.1,
1338 Drury,63700,65.3,
1338 Drury,63720,65.6,
1338 Drury,63740,65.8,
1338 Drury,63760,66.1,
1338 Drury,63780,66.2,
1338 Drury,63800,66.3,
1338 Drury,63820,66.3,
1338 Drury,63840,66.2,
1338 Drury,63860,65.9,
1338 Drury,63880,65.5,
1338 Drury,63900,65.0,
1338 Drury,63920,64.4,
1338 Drury,63940,63.7,
1338 Drury,63960,62.9,
1338 Drury,63980,62.1,
1338 Drury,64000,61.3,
1338 Drury,64020,60.5,
1338 Drury,64040,59.7,
1338 Drury,64060,58.9,
1338 Drury,64080,58.1,
1338 Drury,64100,57.4,
1338 Drury,64120,56.7,
1338 Drury,64140,56.2,
1338 Drury,64160,55.7,
1338 Drury,64180,55.4,
1338 Drury,64200,55.2,
1338 Drury,64220,55.2,
1338 Drury,64240,55.3,
1338 Drury,64260,55.6,
1338 Drury,64280,56.0,
1338 Drury,64300,56.5,
1338 Drury,64320,57.1,
1338 Drury,64340,57.7,
1338 Drury,64360,58.4,
1338 Drury,64380,59.1,
1338 Drury,64400,59.8,
1338 Drury,64420,60.5,
1338 Drury,64440,61.0,
1338 Drury,64460,61.5,
1338 Drury,64480,61.8,
1338 Drury,64500,62.1,
1338 Drury,64520,62.2,
1338 Drury,64540,62.2,
1338 Drury,64560,62.2,
1338 Drury,64580,62.1,
1338 Drury,64600,61.9,
1338 Drury,64620,61.7,
1338 Drury,64640,61.5,
1338 Drury,64660,61.2,
1338 Drury,64680,60.9,
1338 Drury,64700,60.6,
1338 Drury,64720,60.3,
1338 Drury,64740,60.0,
1338 Drury,64760,59.7,
1338 Drury,64780,59.5,
1338 Drury,64800,59.3,
1338 Drury,64820,59.1,
,6.482E+07,,